method,global_track_id,experiment,year,n_points,start,end,duration,compared,near_count,min_nearest_km,mean_nearest_km,lat_min,lat_max,lon_min,lon_max,prob_mean
OWZ,OWZ_CTL_31_0106,CTL,31,50,850,899,50,49,0,1034.7727217819431,2247.5594965977234,12.51513671875,20.5151424407959,262.8445129394531,333.6685791015625,
OWZ,OWZ_CTL_51_0229,CTL,51,44,983,1026,44,39,0,1071.5718589853363,1868.0715582592402,15.215658187866213,23.895166397094727,268.9241027832031,317.61529541015625,
OWZ,OWZ_CTL_37_0164,CTL,37,41,1000,1040,41,7,0,1738.700298967171,2089.428376722719,31.44419860839844,41.56239318847656,307.3338317871094,334.0284729003906,
OWZ,OWZ_CTL_54_0111,CTL,54,41,845,885,41,29,0,1092.1298194418625,3344.456308519541,13.374692916870115,19.387882232666016,279.21728515625,341.395263671875,
OWZ,OWZ_GGW_92_0126,GGW,92,41,991,1031,41,38,0,807.608441917224,1024.1031409991551,15.138174057006836,35.38294219970703,312.4144897460937,347.99371337890625,
OWZ,OWZ_CTL_33_0088,CTL,33,40,784,823,40,27,0,1094.6938938522023,1651.259606224025,11.86911392211914,33.86085510253906,0.4310053586959839,357.07598876953125,
OWZ,OWZ_CTL_47_0122,CTL,47,39,868,906,39,33,0,1062.5679200452885,1879.4155626800682,18.329151153564453,21.576351165771484,262.31884765625,343.3453369140625,
OWZ,OWZ_CTL_38_0085,CTL,38,38,869,906,38,6,0,1234.158285266449,1377.7351803341262,11.500207901000977,21.531295776367188,283.0931701660156,344.319580078125,
OWZ,OWZ_CTL_54_0164,CTL,54,37,996,1032,37,27,0,1582.9737828932277,2405.319990788558,13.420618057250977,19.05299568176269,281.8652038574219,345.128662109375,
OWZ,OWZ_GGW_97_0175,GGW,97,37,910,946,37,25,0,2554.3926971125375,3936.116592458586,30.84381484985352,42.28475570678711,290.9204406738281,304.8558959960937,
OWZ,OWZ_GGW_113_0136,GGW,113,36,947,982,36,17,0,4381.335431238656,4760.411002855676,24.98485946655273,34.806278228759766,264.57275390625,283.8023681640625,
OWZ,OWZ_CTL_41_0168,CTL,41,34,982,1015,34,10,0,947.008929197816,1276.4602086345114,14.474063873291016,37.468658447265625,275.2672119140625,307.19366455078125,
OWZ,OWZ_CTL_32_0179,CTL,32,33,1020,1052,33,9,0,3471.8531576935156,3785.9085447465654,29.42894554138184,39.76587677001953,287.6137084960937,314.50634765625,
OWZ,OWZ_CTL_53_0107,CTL,53,33,947,979,33,24,0,880.0405442090787,1171.3700844077084,12.231414794921877,19.94390869140625,311.2570495605469,352.99444580078125,
OWZ,OWZ_GGW_94_0168,GGW,94,33,977,1009,33,29,0,830.8284565476258,2392.344897705653,18.285171508789062,26.87430953979492,276.06414794921875,304.7343139648437,
OWZ,OWZ_CTL_53_0115,CTL,53,32,992,1023,32,30,0,2593.676530663844,2902.264222604329,35.44786071777344,43.957763671875,324.57440185546875,333.3146057128906,
OWZ,OWZ_CTL_36_0167,CTL,36,31,935,965,31,8,0,3040.9693718823323,3462.2589650660925,29.69129180908203,33.19090270996094,301.277587890625,312.10955810546875,
OWZ,OWZ_CTL_38_0111,CTL,38,31,1011,1041,31,11,0,847.8081737335178,1314.9573627243233,12.40311050415039,20.06591415405273,305.7935791015625,344.0211181640625,
OWZ,OWZ_CTL_51_0137,CTL,51,31,743,773,31,26,0,1296.2450591595243,3037.4717679238474,15.345115661621094,21.09775924682617,261.26708984375,314.8869323730469,
OWZ,OWZ_CTL_55_0177,CTL,55,31,1033,1063,31,0,0,,,14.520462036132812,25.464778900146484,271.3477783203125,308.2606811523437,
OWZ,OWZ_GGW_103_0092,GGW,103,31,910,940,31,27,0,3118.55263795385,3543.0074456881334,22.720054626464844,27.540023803710938,271.64166259765625,286.1454467773437,
OWZ,OWZ_CTL_35_0161,CTL,35,30,966,995,30,17,0,994.8193815112742,2865.256526604115,25.28002548217773,32.41443634033203,284.6220092773437,294.66387939453125,
OWZ,OWZ_CTL_35_0176,CTL,35,30,1012,1041,30,28,0,980.6827329057228,1371.5743986171178,10.92205047607422,15.854641914367676,290.9023742675781,326.531005859375,
OWZ,OWZ_GGW_105_0157,GGW,105,30,917,946,30,24,0,1635.6944765921328,2653.0221655049622,35.03169631958008,45.276702880859375,305.82080078125,329.970703125,
OWZ,OWZ_CTL_47_0180,CTL,47,29,1062,1090,29,23,0,1758.5298292916061,2827.6931968718122,12.528051376342772,17.074216842651367,277.2705078125,336.1854248046875,
OWZ,OWZ_CTL_53_0073,CTL,53,29,810,838,29,24,0,912.666573938938,1300.7812441549513,14.122228622436523,18.318449020385746,305.71514892578125,349.9207763671875,
OWZ,OWZ_CTL_54_0115,CTL,54,29,857,885,29,28,0,872.9921937218343,1957.9955305384497,10.497875213623049,17.270851135253906,309.8788146972656,347.4900207519531,
OWZ,OWZ_GGW_92_0071,GGW,92,29,724,752,29,0,0,,,12.522577285766602,19.85185813903809,263.1990051269531,299.470458984375,
OWZ,OWZ_CTL_35_0128,CTL,35,28,869,896,28,28,0,3329.7819821094827,3827.4100420095792,35.12584686279297,44.12152099609375,306.337646484375,333.427001953125,
OWZ,OWZ_CTL_38_0097,CTL,38,28,943,970,28,22,0,1054.2536256000676,4366.773549382359,12.424935340881348,17.99201202392578,312.61639404296875,347.6171264648437,
OWZ,OWZ_GGW_97_0163,GGW,97,28,884,911,28,13,0,3384.357912702928,3689.2686015077,13.282220840454102,19.745681762695312,267.30841064453125,304.9200439453125,
OWZ,OWZ_CTL_52_0116,CTL,52,27,862,888,27,27,0,1494.105561497944,2254.5031396270324,12.335577011108398,18.891529083251957,279.5688781738281,329.7803955078125,
OWZ,OWZ_CTL_54_0081,CTL,54,27,747,773,27,2,0,4976.513563168738,5083.477454502709,10.5555419921875,18.22773742675781,286.9126892089844,321.8004150390625,
OWZ,OWZ_CTL_54_0121,CTL,54,27,880,906,27,20,0,1059.8588208496508,1401.8614225941794,14.204717636108398,22.88042449951172,304.6514587402344,346.4244384765625,
OWZ,OWZ_GGW_90_0182,GGW,90,27,989,1015,27,22,0,1211.7197728991678,2740.8454724267376,16.03472900390625,20.1185302734375,261.197265625,302.4049072265625,
OWZ,OWZ_CTL_36_0192,CTL,36,26,1001,1026,26,26,0,827.4613470553397,1714.5264152678526,12.501883506774902,26.03862762451172,329.9498291015625,347.903564453125,
OWZ,OWZ_CTL_37_0109,CTL,37,26,758,783,26,15,0,1737.31312561098,3558.5342611139754,33.016685485839844,42.8428955078125,314.9594116210937,332.4823608398437,
OWZ,OWZ_CTL_37_0115,CTL,37,26,797,822,26,5,0,4752.25501462277,5022.583630737592,43.704566955566406,49.26367950439453,327.5458374023437,342.7205810546875,
OWZ,OWZ_CTL_42_0144,CTL,42,26,1009,1034,26,25,0,4151.630360437499,4579.657301752283,18.4704704284668,29.74085998535156,281.422607421875,298.0255126953125,
OWZ,OWZ_CTL_53_0064,CTL,53,26,753,778,26,21,0,827.1464134525378,1226.254099149141,11.330585479736328,18.212085723876957,308.12518310546875,340.0333251953125,
OWZ,OWZ_CTL_54_0170,CTL,54,26,1013,1038,26,22,0,946.7595701886639,1189.2497476332614,11.286100387573242,18.11663818359375,314.376708984375,344.7779541015625,
OWZ,OWZ_GGW_92_0082,GGW,92,26,769,794,26,21,0,2304.612793349685,3863.4864692777046,11.607166290283203,16.27695083618164,287.9783935546875,333.89532470703125,
OWZ,OWZ_GGW_94_0153,GGW,94,26,917,942,26,26,0,1223.182299212033,3185.5402040953913,13.246024131774902,16.281137466430664,307.5723876953125,342.459716796875,
OWZ,OWZ_GGW_103_0086,GGW,103,26,891,918,28,10,0,3092.061719875313,3577.788696709268,41.62783050537109,49.82648849487305,269.9123840332031,343.75030517578125,
OWZ,OWZ_GGW_114_0107,GGW,114,26,840,865,26,26,0,2858.4012900098014,3442.5298632592394,10.278919219970703,18.16921806335449,319.8643798828125,354.0648193359375,
OWZ,OWZ_GGW_117_0137,GGW,117,26,794,819,26,5,0,5058.1834504493145,5545.810550311944,13.371219635009766,18.90658950805664,313.1664733886719,347.5611572265625,
OWZ,OWZ_CTL_31_0154,CTL,31,25,1034,1058,25,1,0,5494.291569003604,5494.291569003604,38.65901947021485,41.38286209106445,274.71051025390625,286.7676696777344,
OWZ,OWZ_CTL_42_0115,CTL,42,25,916,940,25,12,0,2773.240472951227,3298.2541099187147,39.32806015014648,48.3227653503418,331.26837158203125,351.8609313964844,
OWZ,OWZ_CTL_53_0084,CTL,53,25,859,883,25,11,0,951.7808318913156,1208.204825321449,15.116390228271484,22.85078811645508,309.6939697265625,338.76318359375,
OWZ,OWZ_GGW_93_0119,GGW,93,25,832,856,25,9,0,3790.0436434360727,4035.0362555466377,14.278190612792969,25.66079330444336,267.4259033203125,299.4344482421875,
OWZ,OWZ_GGW_94_0134,GGW,94,25,867,891,25,24,0,1923.672678636138,3818.6443270486293,37.67282104492188,45.346168518066406,303.42291259765625,342.42364501953125,
OWZ,OWZ_GGW_96_0172,GGW,96,25,929,953,25,25,0,1105.0137458678983,1263.406030172739,12.215007781982422,20.845951080322266,277.82049560546875,314.03076171875,
OWZ,OWZ_GGW_108_0162,GGW,108,25,824,848,25,18,0,4260.8021253805755,4699.064771297406,21.772974014282227,26.235015869140625,265.7209167480469,303.7991027832031,
OWZ,OWZ_CTL_35_0151,CTL,35,24,932,955,24,20,0,1049.3782449327075,1333.7835049272767,11.380655288696287,19.03457260131836,297.0625,332.432373046875,
OWZ,OWZ_CTL_38_0079,CTL,38,24,848,871,24,8,0,2862.352354237335,3111.21999728024,12.177101135253906,20.40576934814453,301.17095947265625,339.7748413085937,
OWZ,OWZ_CTL_49_0112,CTL,49,24,814,837,24,0,0,,,37.41023254394531,46.01341247558594,315.11944580078125,336.2021484375,
OWZ,OWZ_CTL_58_0138,CTL,58,24,886,909,24,18,0,913.3300845952126,2436.430182206551,12.443275451660156,18.17238426208496,316.29986572265625,348.83135986328125,
OWZ,OWZ_CTL_59_0137,CTL,59,24,1040,1064,25,8,0,3774.0914312195764,5042.094799508585,42.6082763671875,49.82245635986328,1.201951026916504,353.80908203125,
OWZ,OWZ_CTL_60_0111,CTL,60,24,865,888,24,20,0,830.707654621514,1225.1777074927168,10.468268394470217,20.056459426879883,312.58074951171875,346.02618408203125,
OWZ,OWZ_GGW_93_0125,GGW,93,24,846,869,24,21,0,1210.5091217056085,1775.9579039419132,13.30613136291504,15.269065856933594,297.454833984375,331.3969116210937,
OWZ,OWZ_GGW_103_0102,GGW,103,24,947,970,24,16,0,1551.2158306800297,2310.508004503443,26.0014762878418,29.92118453979492,275.63623046875,286.0281677246094,
OWZ,OWZ_GGW_97_0181,GGW,97,41,940,980,41,40,1,719.3424100284672,1269.003677788732,12.274309158325195,23.63880157470703,285.85894775390625,349.6492614746094,
OWZ,OWZ_CTL_43_0123,CTL,43,37,952,988,37,26,1,788.641544916684,3517.216899259288,15.575883865356444,29.637136459350582,298.95965576171875,347.7196350097656,
OWZ,OWZ_GGW_96_0114,GGW,96,30,762,791,30,22,1,752.5633528195036,4503.9956960352,12.335027694702148,20.1016845703125,260.55523681640625,301.82489013671875,
OWZ,OWZ_CTL_47_0147,CTL,47,29,960,988,29,28,1,696.6375886688004,1814.0375699850451,14.191320419311523,20.04460906982422,299.8308410644531,341.3643798828125,
OWZ,OWZ_CTL_57_0164,CTL,57,28,1000,1027,28,28,1,797.6993704005355,1599.4619274190884,12.20936393737793,18.03971099853516,309.9607849121094,339.7938842773437,
OWZ,OWZ_GGW_92_0107,GGW,92,25,899,923,25,20,1,780.8551198795893,1055.310374206232,14.244344711303713,22.835617065429688,324.7669677734375,352.67401123046875,
OWZ,OWZ_GGW_114_0164,GGW,114,24,1018,1041,24,14,1,671.9846203986467,1223.2459482785023,36.065860748291016,41.94709777832031,296.03338623046875,317.201416015625,
OWZ,OWZ_CTL_46_0110,CTL,46,46,930,975,46,45,2,782.452444669382,1022.7892326343388,10.36708927154541,23.68300437927246,262.13427734375,314.06524658203125,
OWZ,OWZ_CTL_53_0126,CTL,53,44,1034,1077,44,37,2,760.3472799116821,1518.2433101968277,13.614256858825684,22.967220306396484,277.541259765625,319.4360656738281,
OWZ,OWZ_CTL_48_0239,CTL,48,34,1058,1091,34,34,2,680.7929482572462,1970.9291522828407,15.208124160766602,30.351600646972656,279.9838256835937,310.6641845703125,
OWZ,OWZ_GGW_94_0108,GGW,94,34,786,819,34,28,2,683.1955378639857,1354.3721882627717,15.13991641998291,32.54730224609375,295.20263671875,338.8009033203125,
OWZ,OWZ_CTL_35_0110,CTL,35,33,821,853,33,30,2,631.1552853047807,2668.527788820689,16.23382568359375,32.86200714111328,278.2538757324219,315.5658569335937,
OWZ,OWZ_GGW_90_0185,GGW,90,32,1010,1041,32,24,2,569.2854806608618,1886.598282057438,16.1478214263916,18.178804397583008,306.1419677734375,333.75701904296875,
OWZ,OWZ_CTL_44_0212,CTL,44,31,1000,1030,31,31,2,627.538094002272,1054.3868922963495,17.140878677368164,21.105335235595703,281.2487487792969,319.63671875,
OWZ,OWZ_CTL_48_0205,CTL,48,28,950,977,28,20,2,644.4525486529892,1633.2485789636785,13.025402069091797,21.57259750366211,296.3515014648437,341.40533447265625,
OWZ,OWZ_GGW_107_0085,GGW,107,52,804,855,52,28,3,218.7115594317058,1961.4229322962985,17.15216827392578,25.611343383789062,264.97076416015625,339.80877685546875,
OWZ,OWZ_CTL_39_0142,CTL,39,30,746,775,30,28,3,655.7007564587825,968.3841139307841,17.627315521240234,25.795879364013672,307.36492919921875,339.53857421875,
OWZ,OWZ_GGW_115_0087,GGW,115,27,749,775,27,27,3,675.6491894018039,3394.798196166714,16.242786407470703,19.08757781982422,260.0065612792969,311.2514953613281,
OWZ,OWZ_CTL_37_0151,CTL,37,31,944,974,31,23,4,572.6171503073314,1136.7505905476544,32.733985900878906,42.68521881103516,281.9590148925781,322.25518798828125,
OWZ,OWZ_CTL_46_0089,CTL,46,30,816,845,30,26,4,718.083946055719,4682.249518706101,9.28013801574707,17.25777244567871,325.82330322265625,357.07623291015625,
OWZ,OWZ_GGW_119_0150,GGW,119,24,984,1007,24,7,4,383.518501156433,1324.715165250789,13.489164352416992,18.288848876953125,283.64068603515625,317.46270751953125,
OWZ,OWZ_GGW_98_0148,GGW,98,45,917,961,45,31,5,235.55532134246056,1305.3833598378362,12.081424713134766,21.839340209960938,296.29791259765625,347.85693359375,
OWZ,OWZ_GGW_97_0108,GGW,97,43,724,766,43,34,5,629.8816373971856,1095.3091852215207,12.281879425048828,37.33412170410156,271.7358093261719,312.43865966796875,
OWZ,OWZ_CTL_57_0143,CTL,57,35,910,944,35,8,5,339.9677824586701,952.4537629858291,31.642803192138672,38.21229553222656,287.7218933105469,316.3813171386719,
OWZ,OWZ_CTL_59_0115,CTL,59,32,947,978,32,32,5,660.9223688806183,1311.3626697831946,16.35759735107422,35.457881927490234,301.2833557128906,324.10205078125,
OWZ,OWZ_GGW_109_0214,GGW,109,31,1018,1048,31,25,5,676.811754916072,1283.3586832160433,13.43614673614502,19.876628875732425,278.7655334472656,341.44354248046875,
OWZ,OWZ_CTL_37_0125,CTL,37,30,830,859,30,30,5,681.3879428921028,1093.2067695228168,14.17741870880127,22.962533950805664,294.64166259765625,328.72576904296875,
OWZ,OWZ_GGW_98_0175,GGW,98,29,1019,1047,29,15,5,464.4347806470849,2442.347949674183,8.146058082580566,19.73617935180664,325.2292175292969,343.8779296875,
OWZ,OWZ_CTL_43_0153,CTL,43,28,1064,1091,28,19,5,592.3908220583249,1046.1155455531873,12.53066635131836,23.65352249145508,263.12408447265625,288.7608642578125,
OWZ,OWZ_CTL_37_0107,CTL,37,25,748,772,25,21,5,295.9795287657566,4242.044495509644,9.536856651306152,19.86800765991211,262.88067626953125,280.0233764648437,
OWZ,OWZ_CTL_51_0196,CTL,51,24,901,924,24,24,5,583.542988178018,1089.383297851214,18.715381622314453,33.22423553466797,317.17291259765625,340.107421875,
OWZ,OWZ_CTL_37_0135,CTL,37,49,876,924,49,48,6,655.3376051487276,2036.651564017968,10.25185775756836,20.14430427551269,301.06982421875,355.3660888671875,
OWZ,OWZ_CTL_40_0147,CTL,40,46,867,913,47,44,6,587.2083260799456,1386.021949023889,14.1245698928833,22.72608184814453,260.41259765625,316.24615478515625,
OWZ,OWZ_GGW_112_0103,GGW,112,29,790,818,29,22,6,327.40795287061263,1424.6143011148479,14.234579086303713,18.072799682617188,281.3059997558594,331.22265625,
OWZ,OWZ_CTL_37_0134,CTL,37,24,867,890,24,17,6,561.8800389926115,983.8325932820123,15.261709213256836,18.022724151611328,321.2601318359375,346.35919189453125,
OWZ,OWZ_CTL_39_0199,CTL,39,35,914,948,35,35,7,237.49988078497148,1280.5419510299184,18.57407760620117,35.32551574707031,307.6336669921875,341.08746337890625,
OWZ,OWZ_GGW_97_0204,GGW,97,33,1003,1035,33,33,7,444.7107453502815,998.5109062443624,14.12502670288086,26.84312057495117,309.2689208984375,344.72735595703125,
OWZ,OWZ_GGW_104_0157,GGW,104,33,914,946,33,24,7,128.59185093724446,2001.1432161881733,39.74429321289063,46.425437927246094,327.14361572265625,344.9386291503906,
OWZ,OWZ_GGW_93_0175,GGW,93,31,1000,1030,31,28,7,289.6576449200539,1745.5949866477245,16.535797119140625,20.122055053710938,306.1678771972656,332.4364013671875,
OWZ,OWZ_GGW_96_0146,GGW,96,25,859,883,25,25,7,535.4045617834519,1135.2856941122714,14.340784072875977,19.890275955200195,319.72637939453125,352.6176147460937,
OWZ,OWZ_CTL_40_0196,CTL,40,24,1056,1079,24,21,7,537.918590459985,836.6102746416667,12.32677173614502,19.588668823242188,309.89337158203125,332.5948791503906,
OWZ,OWZ_GGW_112_0169,GGW,112,53,1033,1085,53,21,8,196.21270166770313,2319.400000280318,15.150588989257812,23.796937942504883,260.3848571777344,312.80633544921875,
OWZ,OWZ_GGW_116_0144,GGW,116,41,830,870,41,33,8,285.20698746363126,2701.9014185063165,11.354852676391602,19.92923355102539,287.4486083984375,347.5743713378906,
OWZ,OWZ_CTL_44_0208,CTL,44,38,995,1032,38,36,8,519.5424174985591,2237.6855693149428,8.352147102355957,21.69083023071289,312.5292358398437,356.8495178222656,
OWZ,OWZ_GGW_96_0186,GGW,96,25,982,1006,25,8,8,66.61567754484722,224.76074943109788,26.161231994628903,35.01447296142578,265.2480773925781,277.0317077636719,
OWZ,OWZ_CTL_40_0167,CTL,40,53,933,985,53,53,9,565.4708541815274,1018.6172406851521,18.05718231201172,27.44039726257324,272.4956970214844,343.43524169921875,
OWZ,OWZ_CTL_51_0206,CTL,51,40,925,964,40,40,9,635.752582200437,1075.6305469343065,14.061226844787598,31.34479141235352,291.84576416015625,333.67138671875,
OWZ,OWZ_CTL_44_0189,CTL,44,39,947,985,39,38,9,506.92213707917097,2801.467957028097,12.739049911499023,20.46145820617676,260.1724853515625,306.607666015625,
OWZ,OWZ_CTL_57_0163,CTL,57,36,997,1032,36,36,9,520.5616857064533,1244.5695959573525,14.277019500732422,16.14299964904785,279.5330810546875,319.566650390625,
OWZ,OWZ_CTL_37_0176,CTL,37,34,1045,1078,34,14,9,319.25173989925514,891.7875634927815,29.44757461547852,40.95825958251953,322.6239318847656,333.923828125,
OWZ,OWZ_CTL_60_0168,CTL,60,29,1063,1091,29,27,9,307.0013389184907,865.364917560528,13.381669998168944,20.816511154174805,303.969970703125,327.2201538085937,
OWZ,OWZ_GGW_117_0160,GGW,117,27,856,882,27,27,9,192.9153750354805,2352.0743631445253,14.335765838623049,18.065597534179688,326.424072265625,347.5487060546875,
OWZ,OWZ_CTL_52_0146,CTL,52,26,945,970,26,23,9,420.3702513577935,769.8532876742695,15.307609558105469,18.734413146972656,311.92529296875,344.1762084960937,
OWZ,OWZ_GGW_90_0195,GGW,90,52,1040,1091,52,52,10,505.34205492581907,1064.8151723421745,10.416473388671877,24.952526092529297,282.54052734375,350.9755249023437,
OWZ,OWZ_GGW_90_0108,GGW,90,28,800,827,28,23,10,430.94338080506066,791.804794857665,14.243644714355469,17.994647979736328,321.1375732421875,342.4733581542969,
OWZ,OWZ_GGW_98_0168,GGW,98,24,991,1014,24,24,10,480.5517406228403,2975.9101810283696,12.604669570922852,19.925806045532227,327.1187744140625,353.0318603515625,
OWZ,OWZ_GGW_90_0117,GGW,90,56,825,880,56,56,11,433.7692895350563,1626.3015898917972,10.381851196289062,25.60431671142578,290.63409423828125,348.9389038085937,
OWZ,OWZ_CTL_43_0136,CTL,43,38,1005,1042,38,38,11,627.0758670106748,944.5540186423406,13.40540885925293,21.731958389282227,297.5615234375,338.7577819824219,
OWZ,OWZ_GGW_98_0170,GGW,98,33,995,1027,33,28,11,544.5015076471864,928.9233371087921,16.96075439453125,37.31975173950195,273.952392578125,293.7384033203125,
OWZ,OWZ_GGW_90_0139,GGW,90,32,880,911,32,32,11,253.01403076281088,992.3854940041497,17.95458984375,24.6829833984375,319.3143310546875,344.9365539550781,
OWZ,OWZ_CTL_47_0161,CTL,47,29,1009,1037,29,29,11,627.8903939417931,873.7997747698937,16.16048812866211,24.07608795166016,302.20587158203125,328.00390625,
OWZ,OWZ_CTL_60_0133,CTL,60,29,926,954,29,29,11,571.3141898445843,880.0137861006724,16.117095947265625,25.537288665771484,274.1394958496094,302.7154846191406,
OWZ,OWZ_GGW_103_0090,GGW,103,28,904,931,28,23,11,407.10541825703257,747.8129172066414,15.102802276611328,30.740036010742188,305.05517578125,343.6337890625,
OWZ,OWZ_GGW_109_0213,GGW,109,25,1016,1040,25,25,11,341.5109927160131,1377.810750538847,13.196205139160156,18.912302017211918,271.41717529296875,301.98406982421875,
OWZ,OWZ_CTL_47_0129,CTL,47,38,893,930,38,38,12,469.1419475807466,877.3329116787103,12.182806015014648,20.71379280090332,268.3920288085937,311.8672180175781,
OWZ,OWZ_CTL_36_0198,CTL,36,32,1018,1049,32,28,12,326.0603190990219,1158.0540002380858,26.665512084960938,36.95356750488281,297.2982788085937,315.45123291015625,
OWZ,OWZ_GGW_94_0135,GGW,94,24,871,894,24,23,12,504.86288024145705,1459.95067647517,19.94842529296875,27.40329360961914,279.43829345703125,297.550048828125,
OWZ,OWZ_GGW_116_0119,GGW,116,46,757,802,46,32,13,309.22539788186964,2028.1648152136215,31.26315689086914,43.78193664550781,280.06121826171875,341.1557006835937,
OWZ,OWZ_GGW_92_0120,GGW,92,29,964,992,29,28,13,362.10617339450494,1866.6715723999002,23.707822799682617,34.105262756347656,261.35308837890625,283.7156982421875,
OWZ,OWZ_GGW_97_0178,GGW,97,24,920,943,24,17,13,509.81146776547547,734.8033960584426,17.96860122680664,20.12744140625,329.33367919921875,351.9067077636719,
OWZ,OWZ_GGW_119_0142,GGW,119,24,959,982,24,19,13,172.22027213619953,1199.8314273937008,11.271716117858888,17.128110885620117,321.189697265625,350.669921875,
OWZ,OWZ_GGW_106_0103,GGW,106,43,934,976,43,29,14,21.601823562938424,1538.8306202531553,9.19894027709961,18.169174194335938,333.2288513183594,357.1531066894531,
OWZ,OWZ_CTL_40_0139,CTL,40,35,830,864,35,34,14,296.2072064281698,1031.8094178408571,14.086729049682615,35.6478271484375,289.8753662109375,302.331298828125,
OWZ,OWZ_CTL_46_0082,CTL,46,28,795,822,28,28,14,104.19448433388486,1073.2915695111676,39.819923400878906,49.92259979248047,267.94317626953125,300.7144775390625,
OWZ,OWZ_CTL_51_0215,CTL,51,26,943,968,26,26,14,9.907244087490861,1085.3231882198477,17.08871841430664,19.060867309570312,324.322509765625,343.763916015625,
OWZ,OWZ_CTL_57_0138,CTL,57,26,893,921,29,20,14,253.57000523263076,1220.3329811875624,41.03548049926758,49.09785461425781,331.75054931640625,353.80743408203125,
OWZ,OWZ_GGW_90_0201,GGW,90,25,1058,1082,25,25,14,88.62757869924887,854.6449897802809,33.678131103515625,39.13059997558594,286.0521240234375,298.660888671875,
OWZ,OWZ_GGW_107_0151,GGW,107,30,1026,1055,30,19,15,291.44854835916993,663.4203242699731,12.774913787841797,23.56612014770508,277.69305419921875,326.7220458984375,
OWZ,OWZ_GGW_112_0147,GGW,112,25,936,960,25,23,15,309.11662667839346,1638.9584930936649,14.24345588684082,24.59394073486328,319.3007202148437,345.2421569824219,
OWZ,OWZ_GGW_101_0126,GGW,101,24,765,788,24,17,15,399.87306580369466,627.4385987505485,16.13409423828125,18.999290466308597,308.9355163574219,342.3052673339844,
OWZ,OWZ_CTL_40_0182,CTL,40,40,1007,1046,40,39,16,257.96816736505843,816.3782656889139,14.26533317565918,32.290130615234375,290.09686279296875,317.8851013183594,
OWZ,OWZ_CTL_52_0086,CTL,52,34,742,775,34,16,16,69.8095316205516,380.2633144797581,29.82343292236328,36.31998443603516,299.2816772460937,311.0648803710937,
OWZ,OWZ_GGW_105_0188,GGW,105,26,1021,1046,26,26,16,321.7482534201999,1703.9370033184168,14.301961898803713,20.150733947753903,317.4906005859375,345.07891845703125,
OWZ,OWZ_GGW_104_0159,GGW,104,25,924,948,25,17,16,188.62910829683204,361.8052745560882,16.958354949951172,21.775632858276367,325.30328369140625,342.5942077636719,
OWZ,OWZ_GGW_109_0131,GGW,109,46,730,775,46,25,17,178.49788974689173,637.4274845459499,14.213358879089355,22.696704864501957,274.0504150390625,344.8632507324219,
OWZ,OWZ_CTL_46_0130,CTL,46,30,1011,1040,30,24,17,85.91427439497653,682.5880149519322,24.94359970092773,38.749610900878906,281.2132568359375,289.333984375,
OWZ,OWZ_GGW_113_0163,GGW,113,36,1038,1073,36,24,18,38.80046616770898,698.9937775608827,20.951231002807617,30.86569595336914,260.99688720703125,286.4591064453125,
OWZ,OWZ_GGW_110_0145,GGW,110,32,889,920,32,26,18,507.3100345244282,1051.6101244351719,12.957582473754885,31.923240661621094,310.81304931640625,346.2091979980469,
OWZ,OWZ_GGW_112_0155,GGW,112,31,970,1000,31,19,18,310.56916573701943,557.5248841654061,12.296426773071287,19.709991455078125,321.59283447265625,356.93231201171875,
OWZ,OWZ_GGW_101_0136,GGW,101,29,802,830,29,19,18,186.21363797037438,465.5003185460532,34.16566848754883,40.153621673583984,315.68853759765625,334.8402099609375,
OWZ,OWZ_GGW_101_0223,GGW,101,29,1034,1062,29,24,18,197.725222507313,1508.818297495359,12.34670066833496,18.253076553344727,282.637939453125,313.1123046875,
OWZ,OWZ_GGW_116_0159,GGW,116,29,885,913,29,29,18,268.59315444570353,966.2722397713061,13.46541976928711,26.640430450439453,261.528564453125,307.75067138671875,
OWZ,OWZ_GGW_105_0130,GGW,105,26,849,874,26,23,18,278.5090594205707,686.3721080409715,15.9854736328125,19.948516845703125,312.37286376953125,345.0215759277344,
OWZ,OWZ_GGW_110_0164,GGW,110,24,966,989,24,18,18,348.0857964758851,519.4212722207029,12.232258796691896,19.95344352722168,324.9932861328125,351.4879150390625,
OWZ,OWZ_CTL_39_0234,CTL,39,47,1025,1071,47,47,19,198.66955082359272,873.9268626177219,12.14118766784668,29.04830741882324,278.6460266113281,324.7206726074219,
OWZ,OWZ_CTL_52_0136,CTL,52,46,909,954,46,46,19,443.7176469483893,830.7568167952583,16.10936737060547,24.849380493164062,301.0878601074219,342.9906616210937,
OWZ,OWZ_GGW_109_0203,GGW,109,37,986,1022,37,37,19,213.61495821373634,1345.0441651875294,12.290542602539062,19.23159408569336,261.21929931640625,316.19146728515625,
OWZ,OWZ_GGW_118_0136,GGW,118,36,965,1000,36,21,19,512.2827212747494,668.4211582290482,12.566740036010742,18.27954864501953,283.8681945800781,337.2310791015625,
OWZ,OWZ_GGW_111_0141,GGW,111,31,928,958,31,31,19,319.5057628415411,1538.8167156966074,12.475486755371094,19.25679588317871,293.6944580078125,334.826171875,
OWZ,OWZ_GGW_104_0122,GGW,104,26,812,837,26,23,19,144.30389914236753,600.3439673680718,35.23272705078125,48.43205261230469,287.4799499511719,318.158935546875,
OWZ,OWZ_GGW_108_0229,GGW,108,26,1062,1087,26,24,19,318.0457438897544,812.1631845297853,11.648731231689451,17.956167221069336,286.3963623046875,323.778564453125,
OWZ,OWZ_GGW_117_0176,GGW,117,26,901,926,26,26,19,409.114552634826,755.7881335548742,12.340770721435549,24.79582977294922,292.07666015625,333.6185302734375,
OWZ,OWZ_GGW_107_0120,GGW,107,52,925,976,52,34,20,190.9069197859465,1104.1348648681592,15.112659454345703,23.89473342895508,276.3435974121094,344.0209350585937,
OWZ,OWZ_GGW_107_0145,GGW,107,32,1002,1033,32,23,20,284.09943363566754,756.3878672478862,14.229433059692385,32.43703079223633,295.6275939941406,319.122314453125,
OWZ,OWZ_CTL_48_0174,CTL,48,55,864,918,55,55,21,119.32710209202106,1354.4373950358263,17.956600189208984,30.486446380615234,287.342041015625,341.1107788085937,
OWZ,OWZ_GGW_103_0118,GGW,103,34,1000,1033,34,29,21,169.2105308062128,1057.4951133506684,16.105430603027344,23.700618743896484,279.5561828613281,319.07965087890625,
OWZ,OWZ_GGW_108_0214,GGW,108,24,1002,1025,24,24,21,276.33676625870385,593.0764442569165,18.043853759765625,27.46504211425781,318.76171875,340.3008728027344,
OWZ,OWZ_GGW_117_0206,GGW,117,44,1005,1048,44,44,22,184.90561659612513,1940.5056526765322,22.00020980834961,31.372222900390625,265.0222473144531,283.9227600097656,
OWZ,OWZ_GGW_108_0197,GGW,108,41,942,982,41,38,22,254.3668620666964,1698.8608835307696,15.219669342041016,28.067943572998047,262.5499267578125,308.774169921875,
OWZ,OWZ_GGW_109_0185,GGW,109,35,939,973,35,35,22,293.7341094296037,2151.708072291589,12.330606460571287,27.68564224243164,298.70037841796875,350.2420654296875,
OWZ,OWZ_GGW_105_0138,GGW,105,34,868,901,34,32,22,222.57106370197215,1332.1969465538782,12.19411849975586,21.82014274597168,311.27520751953125,346.452392578125,
OWZ,OWZ_GGW_116_0125,GGW,116,29,769,797,29,27,22,245.59972584729775,1264.6296044883725,15.692667007446287,19.99608039855957,314.8910522460937,343.82281494140625,
OWZ,OWZ_GGW_108_0231,GGW,108,27,1065,1091,27,22,22,328.33177979127686,596.555704351113,14.19973087310791,20.712100982666016,311.0180969238281,346.407470703125,
OWZ,OWZ_GGW_116_0131,GGW,116,75,796,870,75,67,23,134.96021662822014,1960.714069671174,13.386320114135742,29.01405334472656,262.29205322265625,335.273193359375,
OWZ,OWZ_CTL_48_0232,CTL,48,48,1020,1067,48,48,23,380.50650160658137,945.8908004569676,13.67038345336914,37.253150939941406,293.6766052246094,325.27276611328125,
OWZ,OWZ_GGW_108_0218,GGW,108,31,1024,1054,31,31,23,97.11002161354186,951.478131125964,17.057777404785156,23.772274017333984,307.3416748046875,340.19976806640625,
OWZ,OWZ_GGW_101_0158,GGW,101,26,859,884,26,26,23,242.76296473179272,545.282169114417,12.452404975891112,22.103832244873047,288.1768798828125,321.9061889648437,
OWZ,OWZ_GGW_101_0163,GGW,101,31,876,906,31,31,24,35.62514452291643,1013.9231175434263,15.292312622070312,20.52206039428711,311.08843994140625,343.8500366210937,
OWZ,OWZ_GGW_104_0202,GGW,104,29,1053,1081,29,25,24,8.765748740735809,297.6599244292835,21.258514404296875,29.30172538757324,275.01983642578125,281.9326171875,
OWZ,OWZ_GGW_101_0145,GGW,101,28,836,863,28,28,24,133.93050401097025,786.1942708086839,27.29031753540039,33.384666442871094,277.2344970703125,288.58514404296875,
OWZ,OWZ_GGW_115_0128,GGW,115,24,900,923,24,24,24,319.42206176672806,542.2754157923425,14.278557777404783,24.60169982910156,300.06787109375,326.3873291015625,
OWZ,OWZ_CTL_50_0121,CTL,50,55,995,1049,55,46,25,266.18524096636924,774.5329393094972,14.175591468811035,20.022069931030277,290.11041259765625,341.3356018066406,
OWZ,OWZ_GGW_119_0079,GGW,119,46,724,769,46,28,25,260.52744281773363,627.6666922488896,10.330538749694824,22.102672576904297,289.3690795898437,342.962646484375,
OWZ,OWZ_GGW_111_0095,GGW,111,36,791,826,36,29,25,288.225410327838,631.7608386343588,14.448932647705078,18.20602035522461,292.451171875,338.588134765625,
OWZ,OWZ_GGW_112_0112,GGW,112,33,812,844,33,28,25,4.794953692661259,383.60474076303575,37.09702301025391,49.42076873779297,268.1322021484375,294.9683532714844,
OWZ,OWZ_GGW_111_0156,GGW,111,32,987,1018,32,32,25,226.3817781549323,1280.2007821330862,14.116111755371094,24.006690979003903,315.25390625,344.2032470703125,
OWZ,OWZ_GGW_101_0168,GGW,101,25,886,910,25,25,25,148.34509469103617,297.0076376748356,21.989238739013672,29.1837215423584,265.45166015625,285.03594970703125,
OWZ,OWZ_GGW_106_0112,GGW,106,38,984,1021,38,26,26,154.66044085344623,309.6151488717589,24.14689064025879,31.756282806396484,274.775390625,297.3231201171875,
OWZ,OWZ_GGW_111_0109,GGW,111,37,835,871,37,36,26,246.51829746942968,633.4497608307569,14.301403045654297,28.901046752929688,292.48114013671875,334.3292541503906,
OWZ,OWZ_GGW_117_0205,GGW,117,28,1002,1029,28,28,26,412.402772483775,1082.1275582607946,16.135894775390625,25.66018486022949,315.31085205078125,351.8490600585937,
OWZ,OWZ_GGW_114_0103,GGW,114,41,828,868,41,41,27,264.7426736941088,1114.5137261027876,16.190196990966797,34.269405364990234,296.7656555175781,343.93524169921875,
OWZ,OWZ_GGW_101_0176,GGW,101,30,905,934,30,30,27,8.023238804795659,541.7955672388869,15.997726440429688,18.059154510498047,314.7037353515625,338.32537841796875,
OWZ,OWZ_GGW_107_0139,GGW,107,27,985,1011,27,27,27,247.6352019338659,462.87866853353177,12.484485626220703,25.747289657592773,292.18145751953125,316.7649841308594,
OWZ,OWZ_GGW_108_0189,GGW,108,41,908,948,41,38,28,94.62804311367344,635.4021792028526,14.991501808166504,30.284469604492188,280.45135498046875,325.043701171875,
OWZ,OWZ_GGW_114_0133,GGW,114,28,913,940,28,28,28,81.36888659028877,302.6560863341207,21.00157356262207,29.024250030517575,276.1283874511719,280.0764465332031,
OWZ,OWZ_GGW_110_0182,GGW,110,34,1058,1091,34,32,30,257.2795334780156,542.1089154677607,11.48981475830078,27.39315223693848,304.5958251953125,336.251953125,
OWZ,OWZ_GGW_108_0216,GGW,108,42,1006,1047,42,42,31,286.75526496305736,1588.7728897468928,16.670833587646484,21.80630111694336,262.5242919921875,308.9036865234375,
OWZ,OWZ_GGW_101_0202,GGW,101,36,980,1015,36,33,31,268.35701902545225,616.5439220482718,12.263753890991213,31.843647003173828,317.0277099609375,347.2537536621094,
OWZ,OWZ_GGW_96_0202,GGW,96,40,1028,1067,40,40,32,23.634016660861896,564.8063574303567,17.280162811279297,25.696258544921875,290.500732421875,318.900146484375,
OWZ,OWZ_GGW_116_0136,GGW,116,37,812,848,37,37,34,260.8864104026151,723.406462283988,15.893861770629885,24.452415466308597,299.7899780273437,338.7698974609375,
OWZ,OWZ_GGW_109_0152,GGW,109,44,823,866,44,41,35,155.88904420290103,643.3117569367015,15.146530151367188,33.06632995605469,287.0204467773437,331.3748779296875,
OWZ,OWZ_CTL_51_0233,CTL,51,39,1002,1040,39,39,35,298.14748832830384,554.9300948948642,12.405647277832031,25.49551010131836,290.98858642578125,313.7165222167969,
OWZ,OWZ_GGW_101_0185,GGW,101,44,929,972,44,44,37,138.94261430903578,620.3914020906639,17.97076416015625,28.531110763549805,290.27325439453125,336.5629272460937,
OWZ,OWZ_GGW_115_0139,GGW,115,48,933,980,48,48,38,11.052010454302378,496.6469537301253,15.389514923095703,34.10028839111328,291.8548583984375,336.21270751953125,
OWZ,OWZ_GGW_104_0181,GGW,104,47,988,1034,47,41,41,249.21061431081824,541.4603574956593,15.870765686035156,37.80605697631836,309.8315124511719,342.6932678222656,
OWZ,OWZ_GGW_109_0177,GGW,109,42,911,952,42,42,42,127.4413640969191,389.9239014267384,17.886512756347656,33.1489143371582,267.5367431640625,305.7840576171875,
OWZ,OWZ_GGW_104_0140,GGW,104,45,850,894,45,45,43,293.1351960371909,535.0921575980124,14.179288864135742,26.961441040039062,277.38916015625,336.20623779296875,
OWZ,OWZ_GGW_117_0149,GGW,117,49,832,880,49,48,46,68.02965354041088,538.50401343922,14.140064239501951,19.554767608642575,305.4031677246094,336.0848999023437,
