experiment,year,time_index,month,hour,lat,lon,lon_sin,lon_cos,month_sin,month_cos,u_200,v_200,t_200,q_200,rh_200,u_300,v_300,t_300,q_300,rh_300,u_500,v_500,t_500,q_500,rh_500,u_700,v_700,t_700,q_700,rh_700,u_850,v_850,t_850,q_850,rh_850,zeta_850,zeta_500,wshear_850_200,steer_u_850_200,steer_v_850_200,zeta850_max_r500,zeta500_max_r500,rh700_mean_r500,shear_min_r500,prob_tc,decision_score,track_id,life_step,lifetime_steps,global_track_id
CTL,42.0,737.0,7.0,6.0,42.6315803527832,267.5,-0.9990482215818578,-0.04361938736533613,-0.4999999999999997,-0.8660254037844388,15.065441131591797,5.738592147827148,215.83657836914062,4.002483910880983e-05,80.25432586669922,7.517014503479004,3.14082932472229,237.9260711669922,0.00024320355441886932,51.74951171875,2.5213747024536133,-0.6778072118759155,265.3504333496094,0.0027112613897770643,66.25061798095703,0.9471137523651123,-0.6346379518508911,279.24432373046875,0.004287899471819401,50.66334533691406,-0.30465516448020935,-1.0813020467758179,290.5841369628906,0.008904730901122093,60.392677307128906,4.561052264762111e-05,2.7455869712866843e-05,16.815195083618164,5.149257183074951,1.2971348762512207,4.561052264762111e-05,2.937218414444942e-05,58.696685791015625,0.7522262930870056,0.5576875251126241,0.23178222563003903,1,1,8,ML_CTL_42_0001
CTL,42.0,738.0,7.0,12.0,42.6315803527832,267.5,-0.9990482215818578,-0.04361938736533613,-0.4999999999999997,-0.8660254037844388,12.017648696899414,7.161409378051758,215.65872192382812,3.395354360691272e-05,69.8045425415039,6.492975234985352,3.6787052154541016,237.59371948242188,0.00014086531882639974,32.00553894042969,2.567570209503174,-1.3811671733856201,265.22198486328125,0.0024811511393636465,60.92597961425781,-0.6106153130531311,-1.4002934694290161,279.17523193359375,0.0044131469912827015,52.42817306518555,-2.102238178253174,-1.3049196004867554,290.1652526855469,0.00909613911062479,63.37371826171875,4.484311648411676e-05,2.4725171897443943e-05,16.463594436645508,3.6730682849884033,1.3507468700408936,4.484311648411676e-05,2.686850530153606e-05,55.740074157714844,0.8709021210670471,0.6871652076107092,0.7868995088322013,1,2,8,ML_CTL_42_0001
CTL,42.0,739.0,7.0,18.0,42.6315803527832,267.5,-0.9990482215818578,-0.04361938736533613,-0.4999999999999997,-0.8660254037844388,12.092586517333984,7.4165425300598145,215.94302368164062,2.4533068426535465e-05,49.18012237548828,8.615884780883789,3.298902750015259,236.82691955566406,0.00011611257650656626,28.034873962402344,1.6277611255645752,-1.1605279445648193,265.06268310546875,0.0024949428625404835,60.999412536621094,-1.1539208889007568,-0.9085416197776794,280.29144287109375,0.004645246546715498,51.05134201049805,-2.7628650665283203,-1.2612180709838867,290.0703125,0.01072520948946476,75.23457336425781,4.127750071347691e-05,2.1835669031133875e-05,17.204301834106445,3.683889389038086,1.4770314693450928,4.127750071347691e-05,2.5054740035557188e-05,53.39984893798828,1.7748732566833496,0.7632199239561576,1.1704144644642462,1,3,8,ML_CTL_42_0001
CTL,42.0,740.0,7.0,0.0,42.6315803527832,267.5,-0.9990482215818578,-0.04361938736533613,-0.4999999999999997,-0.8660254037844388,11.545801162719727,1.7954702377319336,216.64378356933594,1.6787516869953834e-05,30.39320945739746,8.287201881408691,0.7993971705436707,236.15347290039062,0.00011271356925135478,27.821096420288086,2.4596123695373535,-0.5181800723075867,264.68157958984375,0.0024598813615739346,60.39537048339844,-0.7992649078369141,-1.500749945640564,280.83953857421875,0.0048730154521763325,51.67150115966797,-3.558969020843506,-1.091873288154602,290.04229736328125,0.010929501615464687,76.8147964477539,3.969079625676386e-05,1.3521324035536963e-05,15.37825870513916,3.586876392364502,-0.1031871810555458,3.969079625676386e-05,2.2208578229765408e-05,52.051658630371094,2.8967344760894775,0.7082914251630544,0.8871003539414095,1,4,8,ML_CTL_42_0001
CTL,42.0,741.0,7.0,6.0,42.6315803527832,267.5,-0.9990482215818578,-0.04361938736533613,-0.4999999999999997,-0.8660254037844388,9.749397277832031,-1.2006099224090576,216.65972900390625,1.6587880963925272e-05,29.834383010864258,7.880246162414551,1.0049221515655518,235.88558959960938,0.0001193562857224606,29.582204818725586,2.9393832683563232,-1.0407510995864868,264.0718994140625,0.001967980060726404,50.0026969909668,-1.243135929107666,-1.7337818145751953,280.9926452636719,0.005429621785879135,57.261085510253906,-3.10972261428833,-1.412065863609314,289.8419494628906,0.010278714820742607,73.17615509033203,3.3819585951277986e-05,1.4837048183835577e-05,12.860857963562012,3.2432334423065186,-0.8764573335647583,3.3819585951277986e-05,2.2650077880825847e-05,51.71242141723633,4.127275466918945,0.6266853375415672,0.5180228975629935,1,5,8,ML_CTL_42_0001
CTL,42.0,742.0,7.0,12.0,40.73684310913086,270.0,-1.0,-1.8369701987210297e-16,-0.4999999999999997,-0.8660254037844388,11.313264846801758,0.2586559057235718,216.26405334472656,2.1869114789296873e-05,40.70077896118164,7.875432014465332,1.8060710430145264,236.56028747558594,0.0002254777355119586,52.50224304199219,2.2472140789031982,-0.9968729615211487,265.01904296875,0.001675891224294901,40.45075607299805,2.6422815322875977,-0.5846974849700928,281.46612548828125,0.005420274566859007,55.490413665771484,1.86772620677948,0.014663876965641975,289.4754333496094,0.010562989860773087,77.12913513183594,3.408332486287691e-05,1.4601840121031273e-05,9.448689460754395,5.189183712005615,0.09956406056880951,3.408332486287691e-05,2.315896563231945e-05,53.87890625,3.6822121143341064,0.6712456379432947,0.7138242953759613,1,6,8,ML_CTL_42_0001
CTL,42.0,743.0,7.0,18.0,40.73684310913086,270.0,-1.0,-1.8369701987210297e-16,-0.4999999999999997,-0.8660254037844388,12.096748352050781,-0.09102386236190796,216.27052307128906,3.0180119210854173e-05,55.65431594848633,6.96132755279541,1.6652346849441528,237.0078582763672,0.00022769230417907238,52.43159484863281,2.7998175621032715,-0.5389212369918823,265.2693786621094,0.0012968878727406263,30.337419509887695,3.0400538444519043,-1.5316331386566162,281.702880859375,0.006563737988471985,66.14443969726562,1.7887243032455444,-1.0309717655181885,290.3786315917969,0.012596222572028637,86.79315948486328,3.124769136775285e-05,1.0593234037514776e-05,10.350790977478027,5.337334632873535,-0.305463045835495,3.124769136775285e-05,2.340421087865252e-05,57.52995300292969,3.9224541187286377,0.7153615443276206,0.9215682729390773,1,7,8,ML_CTL_42_0001
CTL,42.0,744.0,7.0,0.0,40.73684310913086,270.0,-1.0,-1.8369701987210297e-16,-0.4999999999999997,-0.8660254037844388,10.641922950744629,-3.0839641094207764,216.52261352539062,3.836991163552739e-05,67.49188995361328,5.963599681854248,0.5362555384635925,237.99314880371094,0.00028022765764035285,61.31189727783203,2.4698619842529297,-1.4951345920562744,265.2094421386719,0.0012630673591047525,29.963531494140625,2.5901291370391846,-2.1816627979278564,281.6136474609375,0.006684732623398304,67.66221618652344,1.2607026100158691,-1.3713502883911133,290.3880310058594,0.012670895084738731,87.29753112792969,2.9444337997119874e-05,7.437212389049819e-06,9.536264419555664,4.585243225097656,-1.519171118736267,2.9444337997119874e-05,2.8971566280233674e-05,59.10565948486328,2.0420379638671875,0.6359811537503823,0.5579632887256418,1,8,8,ML_CTL_42_0001
CTL,42.0,752.0,7.0,0.0,35.05263137817383,270.0,-1.0,-1.8369701987210297e-16,-0.4999999999999997,-0.8660254037844388,5.069346904754639,2.5812599658966064,217.76890563964844,6.49494249955751e-05,99.92900085449219,3.3454790115356445,3.025855779647827,243.8236541748047,0.0009759753011167049,103.62932586669922,0.4493024945259094,-1.758763313293457,266.79022216796875,0.0035008061677217484,75.84661865234375,3.44968843460083,-2.7807297706604004,279.5843505859375,0.005786454305052757,66.55443572998047,3.4864563941955566,-1.9582701921463013,292.08819580078125,0.012571770697832108,77.71778106689453,4.300371801946312e-05,4.55465997220017e-05,4.8075852394104,3.1600544452667236,-0.17812950909137726,4.300371801946312e-05,4.55465997220017e-05,61.17741775512695,3.8596320152282715,0.5547309609559523,0.2198045595788547,2,1,12,ML_CTL_42_0002
CTL,42.0,755.0,7.0,18.0,35.05263137817383,270.0,-1.0,-1.8369701987210297e-16,-0.4999999999999997,-0.8660254037844388,-2.4289023876190186,7.929338455200195,216.93264770507812,4.389800596982241e-05,75.73710632324219,1.851089596748352,5.576445579528809,241.88194274902344,0.0006977224256843328,88.48775482177734,2.117964267730713,0.14087559282779694,268.0501403808594,0.005216933321207762,99.15499114990234,2.8203580379486084,-1.8304275274276733,281.4715881347656,0.005603411700576544,57.060447692871094,0.9038118124008179,-1.3884459733963013,291.244384765625,0.011419867165386677,74.40873718261719,4.170648753643036e-05,3.925554847228341e-05,9.895862579345703,1.0528643131256104,2.085557460784912,4.170648753643036e-05,4.609183451975696e-05,61.05589294433594,1.6951276063919067,0.7181844185273764,0.9354734957848367,2,2,12,ML_CTL_42_0002
CTL,42.0,756.0,7.0,0.0,36.94736862182617,272.5,-0.9990482215818578,0.043619387365335764,-0.4999999999999997,-0.8660254037844388,0.6919671297073364,7.632211208343506,217.31044006347656,5.467222581501119e-05,88.39801788330078,1.8938353061676025,5.265559673309326,241.66754150390625,0.0008111300994642079,109.71656036376953,2.9951021671295166,4.010909557342529,269.0044250488281,0.005657681729644537,100.97962188720703,-0.35700520873069763,4.196229457855225,279.6305847167969,0.006148391868919134,71.29095458984375,-0.8762871623039246,3.795515298843384,291.1593017578125,0.009932770393788815,65.14921569824219,3.971413025283255e-05,4.7802393964957446e-05,4.144834995269775,0.8695225715637207,4.9800848960876465,3.971413025283255e-05,4.7802393964957446e-05,61.464271545410156,4.085970878601074,0.6091672052621878,0.44381295352495576,2,3,12,ML_CTL_42_0002
CTL,42.0,758.0,7.0,12.0,38.842105865478516,272.5,-0.9990482215818578,0.043619387365335764,-0.4999999999999997,-0.8660254037844388,4.229832172393799,10.539754867553711,216.75140380859375,4.564799019135535e-05,79.42080688476562,2.6915435791015625,9.233181953430176,240.68704223632812,0.0006374437361955643,96.49506378173828,3.002152442932129,2.856064558029175,268.3574523925781,0.005371413193643093,100.99950408935547,-0.4500422179698944,2.867098569869995,279.11956787109375,0.00709655461832881,85.20381164550781,-1.9301643371582031,2.9606831073760986,289.7051696777344,0.00984955858439207,70.9036636352539,4.273390368325636e-05,4.515622276812792e-05,9.766672134399414,1.5086644887924194,5.691356658935547,4.273390368325636e-05,4.515622276812792e-05,57.116973876953125,3.139240026473999,0.7246058064271065,0.9674242892559901,2,4,12,ML_CTL_42_0002
CTL,42.0,759.0,7.0,18.0,38.842105865478516,272.5,-0.9990482215818578,0.043619387365335764,-0.4999999999999997,-0.8660254037844388,6.275157451629639,10.733332633972168,217.63421630859375,3.304268466308713e-05,52.443321228027344,4.967674732208252,10.457565307617188,240.16033935546875,0.00034351556678302586,56.48881149291992,6.1911540031433105,2.924877405166626,267.9173278808594,0.004390303511172533,84.85986328125,2.602299213409424,2.4170825481414795,281.2499694824219,0.0071015688590705395,73.59293365478516,1.125699758529663,3.3955020904541016,289.8501281738281,0.010731169953942299,76.50298309326172,3.90206478186883e-05,3.434163227211684e-05,8.964411735534668,4.232397079467773,5.9856719970703125,3.90206478186883e-05,4.6757642849115655e-05,59.67140197753906,2.702260971069336,0.8784295350352395,1.977641640636667,2,5,12,ML_CTL_42_0002
CTL,42.0,760.0,7.0,0.0,40.73684310913086,275.0,-0.9961946980917455,0.08715574274765789,-0.4999999999999997,-0.8660254037844388,11.136153221130371,14.080495834350586,217.734619140625,3.227062552468851e-05,49.96064376831055,8.786641120910645,10.198025703430176,239.94140625,0.0005768027040176094,91.60572052001953,6.113424301147461,2.907031536102295,269.3652648925781,0.005725265946239233,98.55081939697266,1.14155113697052,5.542973518371582,280.0085754394531,0.007568125147372484,85.10430908203125,0.7764257788658142,6.013512134552002,290.7785339355469,0.01270610373467207,85.37835693359375,4.428379179444164e-05,4.066413748660125e-05,13.130125045776367,5.590839385986328,7.74840784072876,4.428379179444164e-05,4.066413748660125e-05,60.79222106933594,4.625209808349609,0.795686675643528,1.359550765532231,2,6,12,ML_CTL_42_0002
CTL,42.0,761.0,7.0,6.0,40.73684310913086,275.0,-0.9961946980917455,0.08715574274765789,-0.4999999999999997,-0.8660254037844388,14.356101036071777,14.88874340057373,219.04635620117188,3.357788227731362e-05,45.53276443481445,10.743494987487793,11.236860275268555,239.2666015625,0.00040339684346690774,70.20681762695312,6.627596378326416,2.4598846435546875,267.6392517089844,0.004740126430988312,91.14217376708984,3.9375782012939453,4.130748271942139,281.0765686035156,0.0076647065579891205,80.328125,2.8820323944091797,3.349128246307373,290.5628662109375,0.012822268530726433,87.33452606201172,4.371813338366337e-05,3.070861930609681e-05,16.2731990814209,7.7093610763549805,7.213072776794434,4.371813338366337e-05,3.286898572696373e-05,62.772315979003906,2.4741313457489014,0.8103118176927938,1.4520375554488743,2,7,12,ML_CTL_42_0002
CTL,42.0,762.0,7.0,12.0,40.73684310913086,277.5,-0.9914448613738105,0.13052619222005127,-0.4999999999999997,-0.8660254037844388,19.186731338500977,16.278644561767578,219.0843048095703,5.8931134844897315e-05,77.52367401123047,13.82761287689209,11.924358367919922,240.35684204101562,0.00027302117086946964,43.491493225097656,10.306087493896484,4.226663589477539,267.19073486328125,0.0037547829560935497,76.40848541259766,6.77360725402832,5.659494400024414,281.50799560546875,0.009037313982844353,91.78584289550781,4.244779109954834,6.595122814178467,290.9796447753906,0.014384164474904537,95.40966796875,3.722737164935097e-05,1.4918246961315162e-05,17.80540657043457,10.86776351928711,8.936856269836426,3.722737164935097e-05,2.7423659048508853e-05,70.01301574707031,5.843832969665527,0.8132417393103762,1.4712133506937786,2,8,12,ML_CTL_42_0002
CTL,42.0,763.0,7.0,18.0,42.6315803527832,277.5,-0.9914448613738105,0.13052619222005127,-0.4999999999999997,-0.8660254037844388,19.270586013793945,14.169145584106445,219.44674682617188,6.44362298771739e-05,77.02203369140625,15.189167976379395,10.214345932006836,240.72105407714844,0.00034035276621580124,55.791542053222656,8.481287956237793,0.8687831163406372,267.8017578125,0.003124031936749816,59.02574920654297,3.4660723209381104,2.3054556846618652,281.3723449707031,0.009135349653661251,93.62313079833984,2.828702211380005,4.354915142059326,291.0461120605469,0.014023740775883198,92.62287902832031,5.1551884098444134e-05,2.164515171898529e-05,19.14822769165039,9.847163200378418,6.382529258728027,5.1551884098444134e-05,2.164515171898529e-05,63.611000061035156,11.069062232971191,0.8582339976718194,1.8006989594243845,2,9,12,ML_CTL_42_0002
CTL,42.0,764.0,7.0,0.0,42.6315803527832,280.0,-0.9848077530122081,0.17364817766692997,-0.4999999999999997,-0.8660254037844388,24.880565643310547,12.274560928344727,219.38319396972656,6.322476110653952e-05,77.3965072631836,18.2065372467041,6.930508613586426,240.50613403320312,0.00044962434913031757,74.4836196899414,7.751519680023193,1.073563575744629,265.7266540527344,0.0038981959223747253,88.95616149902344,5.120146751403809,4.156339168548584,281.5083923339844,0.009736062958836555,98.82658386230469,5.158597946166992,6.512009143829346,290.60247802734375,0.014337965287268162,97.46183776855469,4.360194725450128e-05,1.8565269783721305e-05,20.546606063842773,12.223474502563477,6.189396381378174,4.360194725450128e-05,2.0712235709652305e-05,66.17533111572266,12.249484062194824,0.6748767908890543,0.7303259267509516,2,10,12,ML_CTL_42_0002
CTL,42.0,765.0,7.0,6.0,42.6315803527832,280.0,-0.9848077530122081,0.17364817766692997,-0.4999999999999997,-0.8660254037844388,20.834218978881836,6.619338512420654,219.5904541015625,3.23563908750657e-05,39.22978973388672,16.588592529296875,5.163814067840576,239.6244659423828,0.00037230283487588167,64.9946060180664,9.77013111114502,0.8072139024734497,265.6284484863281,0.0018630300182849169,42.55976104736328,7.292591571807861,0.6570432782173157,281.6242370605469,0.008169424720108509,82.11186218261719,6.287534236907959,1.0061097145080566,290.3397521972656,0.013918711803853512,96.12836456298828,3.711264071171172e-05,1.2506937309808563e-05,15.592124938964844,12.154613494873047,2.850703716278076,3.711264071171172e-05,1.2506937309808563e-05,66.80772399902344,10.058548927307129,0.7451748624154532,1.0730413305178947,2,11,12,ML_CTL_42_0002
CTL,42.0,766.0,7.0,12.0,42.6315803527832,282.5,-0.9762960071199335,0.21643961393810246,-0.4999999999999997,-0.8660254037844388,20.652299880981445,5.29636287689209,219.42068481445312,3.3346383133903146e-05,41.76081085205078,17.33958625793457,4.743226051330566,239.6367950439453,0.00031058548483997583,55.626399993896484,11.363577842712402,1.0768649578094482,265.3434143066406,0.0019171026069670916,45.40205001831055,7.950915336608887,0.6989315152168274,281.51324462890625,0.008434643037617207,85.45951080322266,6.47440242767334,3.30759334564209,290.3599548339844,0.014055989682674408,96.98593139648438,2.799511821649503e-05,4.99421048516524e-06,14.316702842712402,12.756156921386719,3.0245957374572754,2.799511821649503e-05,1.0223166100331582e-05,69.64261627197266,11.704489707946777,0.6763079563771403,0.736855947927626,2,12,12,ML_CTL_42_0002
CTL,42.0,855.0,8.0,18.0,16.105262756347656,347.5,-0.21643961393810288,0.9762960071199334,-0.8660254037844385,-0.5000000000000004,-5.592649459838867,7.434459209442139,220.96878051757812,9.612471330910921e-05,100.01051330566406,1.3339433670043945,-4.555042266845703,242.5671844482422,0.0005819902289658785,77.24602508544922,-0.20965825021266937,-1.2948169708251953,269.5439147949219,0.005328439641743898,91.8846206665039,-5.179782390594482,0.05278491601347923,282.2495422363281,0.009241160936653614,89.14347839355469,-3.4661762714385986,1.302258849143982,294.2101135253906,0.01373122725635767,74.508056640625,7.31244363123551e-05,8.238613372668624e-05,6.490436553955078,-2.6228644847869873,0.5879287719726562,7.31244363123551e-05,8.238613372668624e-05,77.13175201416016,3.944845199584961,0.6977335875167567,0.8365285610882038,3,1,10,ML_CTL_42_0003
CTL,42.0,856.0,8.0,0.0,16.105262756347656,347.5,-0.21643961393810288,0.9762960071199334,-0.8660254037844385,-0.5000000000000004,-1.6651880741119385,6.105563640594482,220.81289672851562,9.363903518533334e-05,99.88731384277344,2.9164929389953613,-3.5245907306671143,242.2366943359375,0.0006703932303935289,86.82381439208984,2.621298313140869,2.6535181999206543,270.109130859375,0.005237086676061153,86.59236145019531,-4.252111911773682,3.4424335956573486,282.2201843261719,0.009374530054628849,90.6480941772461,-0.9090412259101868,3.140869379043579,293.098388671875,0.014424536377191544,83.77645874023438,6.901570304762572e-05,7.264428131747991e-05,3.059602975845337,-0.25770998001098633,2.363558769226074,6.901570304762572e-05,7.873956201365218e-05,75.92583465576172,3.059602975845337,0.6450801170985567,0.5974824396002907,3,2,10,ML_CTL_42_0003
CTL,42.0,857.0,8.0,6.0,16.105262756347656,345.0,-0.2588190451025207,0.9659258262890683,-0.8660254037844385,-0.5000000000000004,7.76909875869751,7.9410529136657715,219.92616271972656,7.33918059268035e-05,89.33638763427734,5.063481330871582,2.2486729621887207,242.7799530029297,0.000230802470468916,35.32387924194336,0.0010744562605395913,1.7667782306671143,269.7509765625,0.00437172269448638,71.31041717529297,-4.485115051269531,2.3526721000671387,282.6087951660156,0.00955678429454565,90.28053283691406,-2.0705113410949707,0.9632272124290466,295.336181640625,0.012129168957471848,61.64113235473633,6.692150054732338e-05,5.207234062254429e-05,12.062668800354004,1.2556058168411255,3.05448055267334,6.692150054732338e-05,7.48268939787522e-05,74.27127075195312,3.269867420196533,0.701674235235979,0.8552831841709287,3,3,10,ML_CTL_42_0003
CTL,42.0,858.0,8.0,12.0,16.105262756347656,342.5,-0.300705799504273,0.9537169507482269,-0.8660254037844385,-0.5000000000000004,8.50973892211914,6.268325328826904,219.68431091308594,6.695828051306307e-05,83.31536865234375,3.710848808288574,5.962323188781738,242.36126708984375,0.0003519553574733436,50.77540588378906,-0.5885142683982849,0.44072696566581726,270.8671569824219,0.002854500198736787,41.032169342041016,-4.333985805511475,1.577130913734436,282.6717224121094,0.009089629165828228,85.52552795410156,-3.217525005340576,-0.6696422696113586,293.4625244140625,0.012585056945681572,71.57254791259766,5.483088534674607e-05,4.012150384369306e-05,13.625862121582031,0.8161125183105469,2.715772867202759,5.483088534674607e-05,6.587406096514314e-05,70.49404907226562,3.9923253059387207,0.7324395636910614,1.0070353596363733,3,4,10,ML_CTL_42_0003
CTL,42.0,859.0,8.0,18.0,16.105262756347656,342.5,-0.300705799504273,0.9537169507482269,-0.8660254037844385,-0.5000000000000004,4.374764919281006,9.997298240661621,219.75030517578125,7.12042092345655e-05,87.37007904052734,3.2094039916992188,6.8461174964904785,242.67672729492188,0.0005509533220902085,73.63056182861328,-0.27555015683174133,-1.908128261566162,270.2159729003906,0.003449436044320464,51.92272186279297,-2.5515296459198,2.7808494567871094,283.3900146484375,0.00886631477624178,79.46106719970703,-2.276620626449585,0.9459839463233948,291.67999267578125,0.014301459304988384,90.90200805664062,4.89179692522157e-05,4.205068762530573e-05,11.232418060302734,0.49609360098838806,3.732424259185791,4.89179692522157e-05,5.421111563919112e-05,71.73941040039062,2.7188196182250977,0.6084499849372951,0.4408014553605708,3,5,10,ML_CTL_42_0003
CTL,42.0,860.0,8.0,0.0,16.105262756347656,340.0,-0.3420201433256686,0.9396926207859084,-0.8660254037844385,-0.5000000000000004,1.9350992441177368,10.500741004943848,219.67782592773438,6.188890984049067e-05,77.51617431640625,4.204730033874512,5.191930294036865,242.1885223388672,0.00041853811126202345,53.29108428955078,-3.596982002258301,-4.049754619598389,270.20379638671875,0.0023566633462905884,34.76108169555664,-4.822848320007324,-0.5169673562049866,282.4166564941406,0.008559992536902428,81.94127655029297,-5.170172214508057,-1.174154281616211,291.9983215332031,0.012600508518517017,78.43585205078125,4.5402754039969295e-05,4.215100852889009e-05,13.66704273223877,-1.4900346994400024,1.9903587102890015,4.5402754039969295e-05,5.067643724032678e-05,68.56727600097656,3.352692127227783,0.7474974087175063,1.085309327492498,3,6,10,ML_CTL_42_0003
CTL,42.0,861.0,8.0,6.0,16.105262756347656,340.0,-0.3420201433256686,0.9396926207859084,-0.8660254037844385,-0.5000000000000004,2.3936996459960938,9.699105262756348,219.553466796875,6.602449138881639e-05,83.03832244873047,5.734316349029541,3.3125109672546387,241.87088012695312,0.00040837639244273305,55.14857864379883,-4.377233028411865,-2.017233371734619,269.830322265625,0.0026973620988428593,41.240379333496094,-5.695469856262207,0.6226851940155029,282.4590759277344,0.00850958563387394,81.22781372070312,-5.8659987449646,0.4799749553203583,291.3091735839844,0.013083257712423801,85.03063201904297,4.550273297354579e-05,4.2142743041040376e-05,12.37800407409668,-1.562137246131897,2.4194085597991943,4.550273297354579e-05,4.9920145102078095e-05,68.28099822998047,1.7057833671569824,0.7450185668236905,1.0722184085457327,3,7,10,ML_CTL_42_0003
CTL,42.0,862.0,8.0,12.0,16.105262756347656,337.5,-0.38268343236508956,0.9238795325112868,-0.8660254037844385,-0.5000000000000004,6.182107925415039,9.589117050170898,219.54722595214844,3.325898069306277e-05,43.011226654052734,5.854396343231201,1.7826510667800903,242.37571716308594,6.298019434325397e-05,8.689336776733398,-4.897974014282227,-1.7790203094482422,270.176513671875,0.0019346713088452816,27.895082473754883,-8.092292785644531,-0.3852722942829132,282.6569519042969,0.008283031173050404,77.98665618896484,-7.128031253814697,0.06485316902399063,291.6694030761719,0.012742568738758564,80.94121551513672,4.403881393955089e-05,3.31254159391392e-05,16.366777420043945,-1.6163585186004639,1.8544657230377197,4.403881393955089e-05,4.226396413287148e-05,63.86616516113281,2.075549364089966,0.7475295469589022,1.0854796079785638,3,8,10,ML_CTL_42_0003
CTL,42.0,863.0,8.0,18.0,16.105262756347656,337.5,-0.38268343236508956,0.9238795325112868,-0.8660254037844385,-0.5000000000000004,8.469218254089355,10.056990623474121,219.4877166748047,2.7820644390885718e-05,36.09750747680664,6.423711776733398,0.43325215578079224,242.18836975097656,6.28057387075387e-05,9.234095573425293,-4.393199443817139,-1.7382242679595947,269.9807434082031,0.002367826644331217,35.17206573486328,-6.725768566131592,1.1526782512664795,282.8591613769531,0.008082362823188305,75.06640625,-5.793025493621826,1.5525950193405151,291.2676086425781,0.012623118236660957,82.24019622802734,4.1337989387102425e-05,2.7840178518090397e-05,16.605310440063477,-0.40381258726119995,2.2914586067199707,4.1337989387102425e-05,3.791564085986465e-05,65.98861694335938,0.680469810962677,0.7050339569090758,0.8713857259328011,3,9,10,ML_CTL_42_0003
CTL,42.0,864.0,8.0,0.0,16.105262756347656,335.0,-0.4226182617406992,0.90630778703665,-0.8660254037844385,-0.5000000000000004,11.834365844726562,8.0139741897583,219.3463134765625,2.3319631509366445e-05,31.154125213623047,7.212819576263428,-1.7627507448196411,241.10536193847656,8.880309906089678e-05,14.500946998596191,-6.688780307769775,-1.672767996788025,269.5559997558594,0.001891444087959826,29.207929611206055,-9.370769500732422,-0.3523058295249939,282.7200012207031,0.007737461943179369,72.53739166259766,-7.240535736083984,0.053176213055849075,291.0531921386719,0.01246501225978136,82.45328521728516,3.775691584451124e-05,2.460741416143719e-05,20.669450759887695,-0.8505798578262329,0.8558651804924011,3.775691584451124e-05,2.650653368618805e-05,64.89063262939453,4.097167015075684,0.653448319747957,0.6342314908197144,3,10,10,ML_CTL_42_0003
CTL,42.0,921.0,8.0,6.0,14.210526466369629,337.5,-0.38268343236508956,0.9238795325112868,-0.8660254037844385,-0.5000000000000004,-13.694158554077148,7.459108352661133,219.5013885498047,8.062359120231122e-05,99.95418548583984,-13.098671913146973,-0.38977086544036865,243.89222717285156,0.001075220643542707,116.78993225097656,-11.191301345825195,-3.335092067718506,269.0431213378906,0.005496538244187832,98.4894790649414,-9.80771541595459,-1.8971658945083618,280.31512451171875,0.009022890590131283,99.84812927246094,-2.8236896991729736,0.313103586435318,291.3266296386719,0.011049650609493256,71.79674530029297,5.3173374908510596e-05,7.768418436171487e-05,13.008938789367676,-10.123106956481934,0.43003660440444946,5.3173374908510596e-05,7.768418436171487e-05,77.98150634765625,5.187671661376953,0.6119993270471707,0.4557241088793176,4,1,12,ML_CTL_42_0004
CTL,42.0,924.0,8.0,0.0,14.210526466369629,332.5,-0.46174861323503363,0.8870108331782218,-0.8660254037844385,-0.5000000000000004,-8.298325538635254,4.29810094833374,219.85047912597656,8.493733184877783e-05,100.66041564941406,-5.269499778747559,-2.9588162899017334,242.97006225585938,0.0009456086554564536,118.95606231689453,-5.539906978607178,-2.363966703414917,268.7784423828125,0.005331757012754679,96.49479675292969,-1.6957387924194336,-0.5150152444839478,280.9400634765625,0.009026211686432362,95.69491577148438,0.15285968780517578,0.8020656108856201,291.2596740722656,0.010874412022531033,70.71862030029297,4.744309262605384e-05,7.928704872028902e-05,9.145752906799316,-4.130122184753418,-0.1475263386964798,4.744309262605384e-05,7.928704872028902e-05,75.5752182006836,2.046936273574829,0.6073109629964313,0.43602291054991893,4,2,12,ML_CTL_42_0004
CTL,42.0,926.0,8.0,12.0,16.105262756347656,330.0,-0.5000000000000004,0.8660254037844384,-0.8660254037844385,-0.5000000000000004,-4.454714298248291,4.617288112640381,219.6942901611328,4.99461566505488e-05,61.325443267822266,-6.406894683837891,0.09484419971704483,243.41119384765625,0.0005667394143529236,63.29441833496094,-7.034766674041748,-0.4016115367412567,269.4268493652344,0.0058105941861867905,99.63057708740234,-8.155457496643066,0.1447545886039734,281.0737609863281,0.00826188176870346,86.70913696289062,-6.2929792404174805,0.08585240691900253,291.86932373046875,0.010693452320992947,67.21382141113281,4.818458546651527e-05,5.974812665954232e-05,4.8901047706604,-6.468962669372559,0.9082256555557251,4.818458546651527e-05,6.109874811954796e-05,75.25019836425781,2.5972490310668945,0.8972592454280928,2.167135964665051,4,3,12,ML_CTL_42_0004
CTL,42.0,927.0,8.0,18.0,16.105262756347656,330.0,-0.5000000000000004,0.8660254037844384,-0.8660254037844385,-0.5000000000000004,-6.110323905944824,6.578583717346191,219.56353759765625,5.90746603847947e-05,73.42680358886719,-5.239101886749268,1.190185546875,243.1620330810547,0.0008921411354094744,101.92070770263672,-7.147441387176514,3.4690120220184326,269.3165588378906,0.005775880999863148,100.71778106689453,-7.447553634643555,5.945782661437988,281.6871643066406,0.008124812506139278,81.80873107910156,-6.085355281829834,3.3775155544281006,291.5264587402344,0.010675800032913685,68.43551635742188,4.531017111730762e-05,6.055060657672584e-05,3.2011654376983643,-6.4059553146362305,4.112215995788574,4.531017111730762e-05,6.551354454131797e-05,69.22026824951172,3.2011654376983643,0.7875797319822199,1.3103979039084637,4,4,12,ML_CTL_42_0004
CTL,42.0,928.0,8.0,0.0,16.105262756347656,327.5,-0.5372996083468242,0.8433914458128855,-0.8660254037844385,-0.5000000000000004,-4.69376802444458,5.225199222564697,219.36770629882812,5.5295793572440743e-05,72.03050231933594,-6.460561275482178,-1.269818902015686,242.99310302734375,0.0004323596367612481,50.06413269042969,-8.667900085449219,-2.86769962310791,269.0231628417969,0.005672708619385958,100.63117980957031,-7.853667259216309,1.5759997367858887,281.9470520019531,0.007932472042739391,78.40647888183594,-6.729565143585205,1.1203457117080688,291.3741149902344,0.010707749985158443,69.35514831542969,4.2534775275271386e-05,6.364588625729084e-05,4.581953048706055,-6.881092071533203,0.7568052411079407,4.2534775275271386e-05,6.364588625729084e-05,66.73765563964844,1.5193537473678589,0.8892085677735727,2.0826823725694616,4,5,12,ML_CTL_42_0004
CTL,42.0,929.0,8.0,6.0,16.105262756347656,325.0,-0.5735764363510465,0.8191520442889916,-0.8660254037844385,-0.5000000000000004,-3.7894394397735596,2.909888505935669,219.4748077392578,4.068274938617833e-05,53.26340866088867,-6.473397254943848,-3.0205397605895996,242.72076416015625,0.00014329084660857916,17.618637084960938,-9.80500602722168,-4.671258926391602,269.106201171875,0.00509389815852046,86.59587860107422,-7.973480224609375,-1.1516380310058594,282.0421447753906,0.007872495800256729,77.31985473632812,-6.58176851272583,-1.0883064270019531,290.94097900390625,0.010928000323474407,72.66089630126953,3.8596452213823795e-05,4.427434396347962e-05,4.876747131347656,-6.924618721008301,-1.404370903968811,3.8596452213823795e-05,5.454794882098213e-05,66.89601135253906,3.3778088092803955,0.8054702955285002,1.420841451261306,4,6,12,ML_CTL_42_0004
CTL,42.0,930.0,8.0,12.0,16.105262756347656,325.0,-0.5735764363510465,0.8191520442889916,-0.8660254037844385,-0.5000000000000004,-3.8417367935180664,2.149599552154541,219.3540802001953,4.999625889468007e-05,65.83846282958984,-7.968136310577393,-0.9134438037872314,242.7180938720703,0.00032857799669727683,37.93759536743164,-7.293631076812744,0.7980052828788757,269.2215881347656,0.005665361415594816,98.06155395507812,-7.263290882110596,4.407074928283691,281.843505859375,0.008201050572097301,81.64572143554688,-7.823667049407959,2.5249507427215576,290.99493408203125,0.010752905160188675,71.2764663696289,3.82933794753626e-05,4.7798002924537286e-05,3.999582052230835,-6.838091850280762,1.793237328529358,3.82933794753626e-05,4.7798002924537286e-05,63.65450668334961,3.999582052230835,0.8640290396118554,1.8491650425228485,4,7,12,ML_CTL_42_0004
CTL,42.0,931.0,8.0,18.0,16.105262756347656,322.5,-0.608761429008721,0.7933533402912349,-0.8660254037844385,-0.5000000000000004,-4.889683246612549,1.77512788772583,219.18923950195312,4.2026847950182855e-05,56.776451110839844,-9.142974853515625,-2.2376272678375244,242.5440216064453,0.00016914590378291905,20.609668731689453,-5.9447922706604,-2.329617738723755,269.39459228515625,0.005122937262058258,85.37512969970703,-6.900402545928955,0.5554351210594177,282.7377014160156,0.007806412409991026,73.13652801513672,-8.47175407409668,0.5848477482795715,290.7864074707031,0.010981837287545204,73.67848205566406,3.6570956581272185e-05,3.6639954487327486e-05,3.7746520042419434,-7.069921016693115,-0.330366849899292,3.6570956581272185e-05,4.450089909369126e-05,63.466529846191406,3.7746520042419434,0.7929459814084828,1.342775381430798,4,8,12,ML_CTL_42_0004
CTL,42.0,932.0,8.0,0.0,16.105262756347656,320.0,-0.6427876096865396,0.7660444431189778,-0.8660254037844385,-0.5000000000000004,-5.277210712432861,1.992578387260437,218.74722290039062,4.512431041803211e-05,64.05626678466797,-9.827049255371094,-2.0829660892486572,242.32192993164062,0.00011656624701572582,16.090970993041992,-5.55078649520874,-4.1702165603637695,269.077880859375,0.003893874119967222,63.94906234741211,-8.405892372131348,-1.366939902305603,283.19677734375,0.007817470468580723,71.04447937011719,-9.354933738708496,-0.1421496570110321,290.3910217285156,0.01156849879771471,79.59283447265625,3.2235846447292715e-05,2.5774936148081906e-05,4.6027045249938965,-7.683175086975098,-1.1539387702941895,3.2235846447292715e-05,4.1906547266989946e-05,63.91450500488281,3.434692621231079,0.7190251790518272,0.939631316499129,4,9,12,ML_CTL_42_0004
CTL,42.0,933.0,8.0,6.0,16.105262756347656,320.0,-0.6427876096865396,0.7660444431189778,-0.8660254037844385,-0.5000000000000004,-4.652263641357422,0.4315571188926697,218.8480224609375,4.104862091480754e-05,57.254112243652344,-8.63912582397461,-0.0039647347293794155,241.99864196777344,0.00025088991969823837,32.93584060668945,-6.498434543609619,-2.587512969970703,268.62060546875,0.004625010769814253,80.73651885986328,-8.900323867797852,3.285606622695923,282.8190612792969,0.00825065653771162,76.87371826171875,-9.478743553161621,3.461771249771118,290.39599609375,0.01120548415929079,77.060302734375,2.8301821657805704e-05,3.2178217225009575e-05,5.698868751525879,-7.6337785720825195,0.9174914360046387,2.8301821657805704e-05,3.6386434658197686e-05,64.67588806152344,1.861884593963623,0.7734144265784667,1.227692351277173,4,10,12,ML_CTL_42_0004
CTL,42.0,934.0,8.0,12.0,16.105262756347656,317.5,-0.6755902076156605,0.7372773368101239,-0.8660254037844385,-0.5000000000000004,-4.3473310470581055,1.6239875555038452,218.91575622558594,3.8167632737895474e-05,52.81600570678711,-8.669720649719238,0.10180932283401489,241.9825439453125,0.00014192798698786646,19.79067039489746,-6.792908668518066,-2.6981520652770996,269.3256530761719,0.0033968680072575808,53.56148910522461,-8.591758728027344,3.0750949382781982,283.346435546875,0.009098119102418423,81.82872009277344,-9.367602348327637,3.1449644565582275,290.5390319824219,0.011712226085364819,79.81262969970703,2.6460853405296803e-05,2.436412250972353e-05,5.245616912841797,-7.553864479064941,1.0495408773422241,2.6460853405296803e-05,2.908912574639544e-05,65.06342315673828,1.0147076845169067,0.6742282224686734,0.7273715953194613,4,11,12,ML_CTL_42_0004
CTL,42.0,935.0,8.0,18.0,16.105262756347656,315.0,-0.7071067811865477,0.7071067811865474,-0.8660254037844385,-0.5000000000000004,-1.1655495166778564,2.370217800140381,218.6132354736328,4.2423707782290876e-05,61.61261749267578,-7.675776958465576,0.15049126744270325,241.74658203125,0.0001413978316122666,20.054481506347656,-6.723062515258789,-2.012352228164673,269.73162841796875,0.0024089484941214323,37.35859298706055,-7.7724289894104,1.5042985677719116,283.4403076171875,0.009393265470862389,83.95120239257812,-9.255969047546387,1.5604199171066284,290.49053955078125,0.012326916679739952,84.2384033203125,2.5335308237117715e-05,1.5366278603323735e-05,8.13084602355957,-6.518557548522949,0.7146150469779968,2.5335308237117715e-05,2.252260674140416e-05,65.15019226074219,3.105755090713501,0.5841860972296615,0.3399817806458234,4,12,12,ML_CTL_42_0004
CTL,42.0,956.0,8.0,0.0,31.263158798217773,290.0,-0.9396926207859083,0.342020143325669,-0.8660254037844385,-0.5000000000000004,15.786246299743652,18.45777702331543,218.08128356933594,3.877885683323257e-05,57.05857467651367,10.054677963256836,13.996574401855469,239.63973999023438,0.0005137981497682631,86.29570770263672,5.59086799621582,4.684805393218994,268.8594665527344,0.005405678413808346,96.45942687988281,-0.01443993579596281,3.5605289936065674,281.31280517578125,0.00806965958327055,83.29204559326172,-1.4159386157989502,6.054422855377197,289.3363342285156,0.011813963763415813,87.05659484863281,6.060997475287877e-05,1.8658978660823777e-05,21.207508087158203,6.000282287597656,9.350822448730469,6.060997475287877e-05,4.719313437817618e-05,77.84616088867188,4.755001068115234,0.8050588547842926,1.4182176926788541,5,1,19,ML_CTL_42_0005
CTL,42.0,957.0,8.0,6.0,33.157894134521484,290.0,-0.9396926207859083,0.342020143325669,-0.8660254037844385,-0.5000000000000004,16.666292190551758,21.077186584472656,217.40867614746094,3.72714530385565e-05,60.46253967285156,9.48743724822998,15.950220108032227,238.4595184326172,0.0005730222328566015,109.66722869873047,0.8732427358627319,5.826508522033691,268.475830078125,0.0052802674472332,97.4915542602539,-5.138962745666504,3.277463674545288,280.6325378417969,0.008341623470187187,90.19793701171875,-7.292864799499512,5.570792198181152,288.31207275390625,0.012262145057320595,96.46390533447266,6.568586832145229e-05,2.7024078008253127e-05,28.539260864257812,2.9190287590026855,10.340433120727539,6.568586832145229e-05,4.536538108368404e-05,73.19586181640625,4.978684425354004,0.7144956094562177,0.917319445018338,5,2,19,ML_CTL_42_0005
CTL,42.0,958.0,8.0,12.0,33.157894134521484,287.5,-0.9537169507482268,0.30070579950427345,-0.8660254037844385,-0.5000000000000004,12.152963638305664,17.5285587310791,216.8874969482422,5.360448994906619e-05,92.21558380126953,4.373274803161621,14.143145561218262,237.39187622070312,0.00044888994307257235,96.75650024414062,0.3119526505470276,9.345277786254883,267.5646057128906,0.0048349397256970406,95.09141540527344,-4.0245232582092285,3.1146020889282227,280.9620056152344,0.008362704887986183,88.39111328125,-6.955219745635986,0.19187788665294647,288.75732421875,0.012244083918631077,93.58679962158203,7.837394514353946e-05,4.755456029670313e-05,25.80083656311035,1.171689510345459,8.864692687988281,7.837394514353946e-05,6.213665619725361e-05,70.0820541381836,1.8567743301391602,0.7534068138750907,1.116865380320966,5,3,19,ML_CTL_42_0005
CTL,42.0,959.0,8.0,18.0,33.157894134521484,287.5,-0.9537169507482268,0.30070579950427345,-0.8660254037844385,-0.5000000000000004,5.554038047790527,15.27697467803955,218.43492126464844,7.158834341680631e-05,101.42686462402344,5.38836145401001,14.514575004577637,239.29518127441406,0.00026929518207907677,53.37034606933594,6.3792009353637695,13.58354377746582,266.8012390136719,0.0028704656288027763,58.02064895629883,0.3961975872516632,6.552826881408691,281.54974365234375,0.008618284948170185,87.54212188720703,-2.6770591735839844,3.4818859100341797,289.0595703125,0.012109622359275818,90.7457275390625,8.184415491996333e-05,6.324298010440543e-05,14.383152961730957,3.008148193359375,10.681961059570312,8.184415491996333e-05,8.588741184212267e-05,72.71701049804688,2.6875412464141846,0.9407004746187428,2.7640234812327167,5,4,19,ML_CTL_42_0005
CTL,42.0,960.0,8.0,0.0,33.157894134521484,285.0,-0.9659258262890684,0.2588190451025203,-0.8660254037844385,-0.5000000000000004,0.5431323647499084,11.98381233215332,218.81320190429688,6.0013353504473343e-05,79.67355346679688,1.231709361076355,6.486289024353027,239.0810546875,0.00039883554563857615,79.52914428710938,2.454883098602295,4.238468170166016,265.9990539550781,0.003779285354539752,84.22342681884766,-1.678585410118103,0.013842429034411907,279.0744323730469,0.008030912838876247,96.56678009033203,-4.2398529052734375,-2.980175733566284,288.654296875,0.01263970322906971,97.30438232421875,9.1713918664027e-05,8.958139369497076e-05,15.709802627563477,-0.33774271607398987,3.9484469890594482,9.1713918664027e-05,8.958139369497076e-05,67.454345703125,5.09437370300293,0.9658690621337641,3.3428240368054203,5,5,19,ML_CTL_42_0005
CTL,42.0,961.0,8.0,6.0,33.157894134521484,285.0,-0.9659258262890684,0.2588190451025203,-0.8660254037844385,-0.5000000000000004,0.3726310729980469,9.010401725769043,218.8285369873047,7.732999074505642e-05,104.7127914428711,0.7229319214820862,4.030405044555664,238.70486450195312,0.0003788658359553665,78.79926300048828,5.6355671882629395,4.380387306213379,266.2997131347656,0.0036223859060555696,78.2968978881836,3.776066303253174,2.4690940380096436,279.2310485839844,0.007513617631047964,89.29582214355469,2.4390127658843994,0.5560920238494873,288.6336364746094,0.012292459607124329,94.74905395507812,9.894556569634005e-05,8.603033347753808e-05,8.703176498413086,2.5892417430877686,4.08927583694458,9.894556569634005e-05,8.615542901679873e-05,69.70477294921875,2.5096957683563232,0.9329953306917831,2.6336378880871605,5,6,19,ML_CTL_42_0005
CTL,42.0,962.0,8.0,12.0,35.05263137817383,285.0,-0.9659258262890684,0.2588190451025203,-0.8660254037844385,-0.5000000000000004,-5.3516058921813965,7.479308605194092,217.0826416015625,5.157504347153008e-05,86.4352035522461,-2.31032657623291,1.7775851488113403,240.76654052734375,0.000697460665833205,103.49884796142578,-1.1284618377685547,1.5718879699707031,268.65594482421875,0.005512685514986515,101.12094116210938,-3.16206431388855,-0.11393502354621887,278.5024108886719,0.00792042724788189,99.03438568115234,-4.185256481170654,-1.0126811265945435,289.0259704589844,0.012602265924215317,94.74028778076172,0.00011410002480261028,9.478737774770707e-05,8.5717134475708,-3.2275428771972656,1.940433144569397,0.00011410002480261028,9.478737774770707e-05,72.02325439453125,2.089977979660034,0.9390228973433543,2.734341436306905,5,7,19,ML_CTL_42_0005
CTL,42.0,963.0,8.0,18.0,35.05263137817383,285.0,-0.9659258262890684,0.2588190451025203,-0.8660254037844385,-0.5000000000000004,-4.43060302734375,2.08465313911438,217.38018798828125,6.078318983782083e-05,98.60880279541016,0.44025832414627075,-0.10355192422866821,242.04180908203125,0.0008375474717468023,108.24380493164062,4.927460670471191,3.0573883056640625,268.82965087890625,0.0055907731875777245,101.22777557373047,2.427891969680786,0.18472523987293243,278.46966552734375,0.007721106521785259,96.7545394897461,0.9117996692657471,-1.5882068872451782,289.48651123046875,0.012346151284873486,90.12882995605469,0.00012335619248915464,9.75692382780835e-05,6.483144760131836,0.8553615808486938,0.7270015478134155,0.00012335619248915464,9.75692382780835e-05,71.6610107421875,3.1467363834381104,0.8802020323742645,1.994344742555067,5,8,19,ML_CTL_42_0005
CTL,42.0,964.0,8.0,0.0,35.05263137817383,285.0,-0.9659258262890684,0.2588190451025203,-0.8660254037844385,-0.5000000000000004,-1.0282104015350342,3.50329327583313,217.15443420410156,5.125589086674154e-05,84.59680938720703,4.287634372711182,2.292428731918335,240.3741455078125,0.0006702199461869895,104.17474365234375,9.490342140197754,2.5042293071746826,268.23406982421875,0.005010089371353388,94.14004516601562,6.6781487464904785,-0.6340035796165466,279.8307189941406,0.007234928198158741,82.63677978515625,4.342248916625977,-1.8764209747314453,289.74627685546875,0.011752557009458542,84.35414123535156,0.00011272427946096286,8.400123624596745e-05,7.601523399353027,4.754033088684082,1.1579053401947021,0.00011272427946096286,9.333976777270436e-05,68.76168823242188,5.839425086975098,0.9136001807422889,2.3584074528537986,5,9,19,ML_CTL_42_0005
CTL,42.0,965.0,8.0,6.0,36.94736862182617,285.0,-0.9659258262890684,0.2588190451025203,-0.8660254037844385,-0.5000000000000004,-0.13671636581420898,7.775167942047119,216.60498046875,5.0672722863964736e-05,89.81358337402344,1.866530418395996,3.6562867164611816,240.9971466064453,0.0007827433291822672,112.50955963134766,2.8488898277282715,1.1287169456481934,268.0528869628906,0.005273019894957542,101.68756866455078,0.6500025987625122,-2.138732671737671,278.82623291015625,0.007496977224946022,91.70833587646484,-0.5903785824775696,-3.239088296890259,288.97039794921875,0.012079088017344475,91.10198974609375,0.00010196422226727009,8.568674820708111e-05,11.023595809936523,0.9276655316352844,1.4364700317382812,0.00010196422226727009,8.568674820708111e-05,70.2177505493164,0.9102293848991394,0.8722726219055468,1.9212038809393657,5,10,19,ML_CTL_42_0005
CTL,42.0,966.0,8.0,12.0,38.842105865478516,287.5,-0.9537169507482268,0.30070579950427345,-0.8660254037844385,-0.5000000000000004,3.044055461883545,7.891750335693359,216.16925048828125,4.53540742455516e-05,85.2237548828125,2.940971612930298,8.545391082763672,240.29090881347656,0.0006879225256852806,107.12413024902344,2.210869312286377,9.670660018920898,268.0040283203125,0.00508741894736886,98.33023834228516,-2.694446325302124,7.166245460510254,280.6444396972656,0.007288518827408552,78.68489074707031,-4.08733606338501,6.410128593444824,288.9681396484375,0.01212240383028984,91.37794494628906,9.443130693398416e-05,7.840182661311701e-05,7.283676624298096,0.28282269835472107,7.936835289001465,9.443130693398416e-05,7.840182661311701e-05,74.47245025634766,5.854090690612793,0.8978622620669643,2.1736943992942717,5,11,19,ML_CTL_42_0005
CTL,42.0,967.0,8.0,18.0,38.842105865478516,287.5,-0.9537169507482268,0.30070579950427345,-0.8660254037844385,-0.5000000000000004,8.238059997558594,12.711875915527344,217.45419311523438,3.540915349731222e-05,57.84285354614258,8.246053695678711,11.764137268066406,239.59756469726562,0.0003899452858604491,66.13689422607422,7.746867656707764,10.9975004196167,268.07763671875,0.0045052808709442616,84.44039916992188,2.6838581562042236,6.844843864440918,282.3320617675781,0.007348251529037952,70.71736145019531,1.3392544984817505,5.515326976776123,289.33258056640625,0.011646774597465992,85.74725341796875,9.862783917924389e-05,7.187806477304548e-05,9.969143867492676,5.650818824768066,9.566737174987793,9.862783917924389e-05,7.441376510541886e-05,72.53233337402344,9.969143867492676,0.9757246837723911,3.6937204193439603,5,12,19,ML_CTL_42_0005
CTL,42.0,968.0,8.0,0.0,38.842105865478516,287.5,-0.9537169507482268,0.30070579950427345,-0.8660254037844385,-0.5000000000000004,18.301149368286133,21.583759307861328,219.0375213623047,2.9496382921934128e-05,39.59893035888672,11.736912727355957,14.643021583557129,239.16165161132812,0.00016997940838336945,32.481895446777344,9.889103889465332,10.287900924682617,267.7301025390625,0.0033524087630212307,63.576316833496094,7.311939716339111,6.324455261230469,282.5845031738281,0.008044415153563023,76.26734161376953,6.6943745613098145,5.038597106933594,289.58856201171875,0.011071343906223774,80.21724700927734,9.326147846877575e-05,5.59362379135564e-05,20.210384368896484,10.78669548034668,11.575546264648438,9.326147846877575e-05,7.098448986653239e-05,71.9253921508789,12.34512996673584,0.9526669507709645,3.0020566013300414,5,13,19,ML_CTL_42_0005
CTL,42.0,969.0,8.0,6.0,40.73684310913086,287.5,-0.9537169507482268,0.30070579950427345,-0.8660254037844385,-0.5000000000000004,12.5159912109375,15.613790512084961,218.78909301757812,3.355108856339939e-05,46.20661544799805,6.377108573913574,11.177166938781738,238.06338500976562,0.0003278616350144148,66.08049774169922,7.084417819976807,7.905163288116455,267.4664306640625,0.0045138392597436905,89.20002746582031,4.141542911529541,2.637967109680176,280.9106750488281,0.008082078769803047,85.65709686279297,2.79492449760437,0.5721031427383423,288.8619384765625,0.01241259928792715,94.33618927001953,9.15067212190479e-05,6.690717418678105e-05,17.909536361694336,6.582797050476074,7.58123779296875,9.15067212190479e-05,6.690717418678105e-05,75.27527618408203,14.513389587402344,0.9302224728096127,2.5901117777091063,5,14,19,ML_CTL_42_0005
CTL,42.0,970.0,8.0,12.0,42.6315803527832,290.0,-0.9396926207859083,0.342020143325669,-0.8660254037844385,-0.5000000000000004,11.846190452575684,14.345571517944336,218.06552124023438,5.192112803342752e-05,77.9183578491211,8.460916519165039,11.581851959228516,239.1884307861328,0.00035579552059061825,71.7043685913086,7.4833197593688965,10.630990028381348,267.2629699707031,0.0038416374009102583,77.09028625488281,2.306711196899414,8.611183166503906,280.9779052734375,0.008451149798929691,89.35999298095703,-0.14382797479629517,8.023727416992188,288.7568359375,0.012391714379191399,94.78382873535156,8.45501126605086e-05,6.309858144959435e-05,13.554566383361816,5.990662097930908,10.638665199279785,8.45501126605086e-05,6.728703738190234e-05,79.70789337158203,13.554566383361816,0.9240777038337804,2.4990857647699967,5,15,19,ML_CTL_42_0005
CTL,42.0,971.0,8.0,18.0,44.52631759643555,290.0,-0.9396926207859083,0.342020143325669,-0.8660254037844385,-0.5000000000000004,5.245595455169678,12.187675476074219,216.7545623779297,5.444425551104359e-05,96.92559814453125,5.435505390167236,7.212449550628662,239.73834228515625,0.0006121968617662787,103.24370574951172,5.549047946929932,5.20742130279541,266.7838439941406,0.004494430031627417,96.09313201904297,2.086742877960205,3.8722288608551025,279.880126953125,0.008625094778835773,97.98155212402344,-0.3215714991092682,4.1640424728393555,288.949951171875,0.01288655772805214,97.358642578125,8.554684609407559e-05,6.671172741334885e-05,9.765860557556152,3.5990638732910156,6.528763771057129,8.554684609407559e-05,6.671172741334885e-05,75.80554962158203,8.410223960876465,0.8028796522854038,1.4043903857760132,5,16,19,ML_CTL_42_0005
CTL,42.0,972.0,9.0,0.0,44.52631759643555,292.5,-0.9238795325112866,0.38268343236509,-1.0,-1.8369701987210297e-16,9.299440383911133,10.815061569213867,218.28431701660156,4.667171015171334e-05,68.01461791992188,6.839025974273682,7.2592549324035645,238.42173767089844,0.0004280876601114869,88.54585266113281,11.228126525878906,6.857245445251465,266.5268859863281,0.0038604415021836758,82.98906707763672,8.750986099243164,6.595552921295166,280.4796447753906,0.008324799127876759,90.79933166503906,7.812919616699219,6.203817844390869,288.78070068359375,0.012637884356081486,96.55845642089844,8.419734513154253e-05,6.358488462865353e-05,4.844926357269287,8.786099433898926,7.5461859703063965,8.419734513154253e-05,6.358488462865353e-05,74.45015716552734,4.844926357269287,0.8981789692188888,2.177152674030998,5,17,19,ML_CTL_42_0005
CTL,42.0,973.0,9.0,6.0,46.421051025390625,295.0,-0.9063077870366498,0.4226182617406996,-1.0,-1.8369701987210297e-16,5.95481538772583,9.889518737792969,217.3441619873047,4.580568929668516e-05,75.443603515625,6.20359468460083,7.79517936706543,237.303955078125,0.0004712534719146788,104.23925018310547,8.818047523498535,7.868346214294434,266.3137512207031,0.00384500646032393,85.75493621826172,7.73459529876709,8.095728874206543,279.8385925292969,0.008392325602471828,95.60612487792969,6.584095478057861,8.856589317321777,288.50885009765625,0.012665443122386932,98.49031829833984,7.862452912377194e-05,5.330456042429432e-05,1.2095191478729248,7.059029579162598,8.501072883605957,7.862452912377194e-05,5.330456042429432e-05,76.41160583496094,1.2095191478729248,0.7271494844177443,0.9802079913298165,5,18,19,ML_CTL_42_0005
CTL,42.0,974.0,9.0,12.0,48.31578826904297,297.5,-0.8870108331782216,0.4617486132350341,-1.0,-1.8369701987210297e-16,4.8237810134887695,11.261500358581543,216.8668212890625,4.888983312412165e-05,86.39549255371094,5.184691429138184,8.88681697845459,237.6531219482422,0.0004643395368475467,99.46137237548828,7.629291534423828,9.596294403076172,265.3155517578125,0.003785101231187582,91.51148223876953,5.707878589630127,10.67596435546875,279.5023498535156,0.008342579938471317,97.25863647460938,5.118375301361084,12.197281837463379,288.2347717285156,0.012588108889758587,99.66646575927734,6.71468660584651e-05,3.996091618319042e-05,0.9810569882392883,5.692803382873535,10.523571968078613,6.71468660584651e-05,4.1963427065638825e-05,74.6673355102539,0.9810569882392883,0.6146228978799843,0.46678656462909185,5,19,19,ML_CTL_42_0005
CTL,42.0,986.0,9.0,12.0,14.210526466369629,320.0,-0.6427876096865396,0.7660444431189778,-1.0,-1.8369701987210297e-16,-5.668918609619141,-0.4141525328159332,218.8569793701172,7.496276521123946e-05,101.12561798095703,-3.1526317596435547,1.9604440927505493,243.92437744140625,0.0010415486758574843,110.63263702392578,1.0665408372879028,6.14382791519165,269.7066650390625,0.005958170630037785,100.86997985839844,-5.239933013916016,4.462337970733643,279.86456298828125,0.008687807247042656,99.0787582397461,-4.659665107727051,1.8638195991516113,289.0582580566406,0.01094102580100298,82.25383758544922,3.760105391847901e-05,6.157695315778255e-05,2.4915356636047363,-3.530921459197998,2.803255558013916,3.760105391847901e-05,6.992538692429662e-05,74.781982421875,2.31369686126709,0.5829237062515364,0.33478715003117787,6,1,9,ML_CTL_42_0006
CTL,42.0,987.0,9.0,18.0,14.210526466369629,317.5,-0.6755902076156605,0.7372773368101239,-1.0,-1.8369701987210297e-16,-4.812699317932129,3.429342746734619,219.311767578125,3.087278673774563e-05,38.66107940673828,-1.564290165901184,2.587322235107422,242.32154846191406,0.00041080263326875865,51.091941833496094,2.4928231239318848,1.4484776258468628,269.8067321777344,0.005950232036411762,99.31007385253906,-3.514859914779663,-0.32495027780532837,280.6796569824219,0.008640346117317677,93.15437316894531,-5.0214972496032715,-0.7824571132659912,289.583251953125,0.010830706916749477,78.52780151367188,3.806771201197989e-05,4.480736606637947e-05,4.2169718742370605,-2.484104633331299,1.2715470790863037,3.806771201197989e-05,7.392607949441299e-05,76.26150512695312,3.031266212463379,0.8211143625336788,1.523915691559095,6,2,9,ML_CTL_42_0006
CTL,42.0,988.0,9.0,0.0,14.210526466369629,317.5,-0.6755902076156605,0.7372773368101239,-1.0,-1.8369701987210297e-16,-3.750622034072876,5.808795928955078,219.5214080810547,2.497744935681112e-05,30.705202102661133,-0.6061905026435852,4.291527271270752,241.98910522460938,0.00036305037792772055,47.12506103515625,4.22047233581543,5.026360034942627,268.4497985839844,0.005368078593164682,99.08016967773438,-2.508084535598755,4.768348693847656,281.0316467285156,0.008766118437051773,92.27162170410156,-4.871408939361572,2.3563618659973145,289.3330078125,0.010853631421923637,80.05552673339844,4.001958222943358e-05,3.364511940162629e-05,3.6298022270202637,-1.5031667947769165,4.450278282165527,4.001958222943358e-05,7.14663983671926e-05,77.42823791503906,2.0483648777008057,0.7695569306442411,1.2058110901657404,6,3,9,ML_CTL_42_0006
CTL,42.0,989.0,9.0,6.0,14.210526466369629,315.0,-0.7071067811865477,0.7071067811865474,-1.0,-1.8369701987210297e-16,1.3935573101043701,1.8142869472503662,219.3945770263672,1.9885943402186967e-05,25.834978103637695,0.7121644020080566,2.2236204147338867,241.87826538085938,8.154448005370796e-05,11.350379943847656,0.7649449110031128,2.18359112739563,267.5533447265625,0.004210821818560362,78.68791961669922,-2.852620840072632,1.9979914426803589,282.2532958984375,0.008470481261610985,82.0048828125,-5.018596649169922,2.095822334289551,289.895751953125,0.01084086112678051,77.09353637695312,4.159031232120469e-05,2.1761568859801628e-05,6.418331623077393,-1.0001102685928345,2.0630624294281006,4.159031232120469e-05,5.871638495591469e-05,79.49031066894531,1.6394329071044922,0.6295627276407625,0.5303413702592883,6,4,9,ML_CTL_42_0006
CTL,42.0,990.0,9.0,12.0,14.210526466369629,312.5,-0.7372773368101242,0.6755902076156601,-1.0,-1.8369701987210297e-16,2.7491133213043213,-4.050596237182617,219.01438903808594,4.5930784835945815e-05,62.11885070800781,3.023240804672241,0.450403094291687,241.47506713867188,0.00012839266855735332,19.231054306030273,-1.167057752609253,3.022078037261963,268.9090576171875,0.003190071554854512,52.32025146484375,-3.0086724758148193,0.6147298812866211,282.96771240234375,0.008438972756266594,77.83429718017578,-4.814785957336426,0.5844624042510986,290.1112976074219,0.011109232902526855,77.8844223022461,4.049300332553685e-05,1.295996753469808e-05,8.871095657348633,-0.6436324715614319,0.12421546131372452,4.049300332553685e-05,5.066322046332061e-05,77.01716613769531,1.2635287046432495,0.6994947772607917,0.8448931937005315,6,5,9,ML_CTL_42_0006
CTL,42.0,991.0,9.0,18.0,16.105262756347656,312.5,-0.7372773368101242,0.6755902076156601,-1.0,-1.8369701987210297e-16,4.301301956176758,0.29431259632110596,218.87574768066406,3.95362512790598e-05,53.966217041015625,3.611876964569092,2.664957046508789,241.64883422851562,0.00013369665248319507,20.14031219482422,1.1871757507324219,3.457935333251953,268.86614990234375,0.003635214874520898,58.41019821166992,-6.016726493835449,2.7027230262756348,282.5686950683594,0.00895289983600378,84.83695220947266,-9.710454940795898,1.6093288660049438,289.85638427734375,0.011552049778401852,82.30715942382812,4.106839332962409e-05,2.2276564777712338e-05,14.073328971862793,-1.3253653049468994,2.1458516120910645,4.106839332962409e-05,4.5877532102167606e-05,75.9403305053711,2.3251595497131348,0.7742969001215563,1.2327349736883635,6,6,9,ML_CTL_42_0006
CTL,42.0,992.0,9.0,0.0,16.105262756347656,310.0,-0.7660444431189781,0.6427876096865393,-1.0,-1.8369701987210297e-16,6.298094272613525,1.4194481372833252,218.89920043945312,4.018847903353162e-05,54.21855545043945,6.820993900299072,2.9063894748687744,241.02098083496094,0.00030778837390244007,44.04772186279297,0.04195631295442581,1.8540892601013184,268.3037414550781,0.0026504460256546736,44.65959548950195,-7.199909687042236,0.6586340069770813,283.0860290527344,0.008925620466470718,81.7042236328125,-10.871676445007324,0.8940554857254028,289.9011535644531,0.011886944063007832,84.37664794921875,3.967790325987153e-05,1.79107937583467e-05,17.177806854248047,-0.9821084141731262,1.5465233325958252,3.967790325987153e-05,3.6990331864217296e-05,76.72479248046875,0.8384862542152405,0.7654320186827063,1.1826949598491927,6,7,9,ML_CTL_42_0006
CTL,42.0,993.0,9.0,6.0,16.105262756347656,307.5,-0.7933533402912352,0.6087614290087205,-1.0,-1.8369701987210297e-16,7.501115322113037,2.365433931350708,218.90240478515625,5.269777830108069e-05,72.36446380615234,7.379903316497803,3.2364349365234375,240.59214782714844,0.0005866643623448908,84.36676025390625,-0.8667961955070496,1.233291745185852,267.9123229980469,0.0015755068743601441,27.847305297851562,-7.434437274932861,0.8724353313446045,283.294677734375,0.009284795261919498,83.82723999023438,-10.0339994430542,1.1537703275680542,289.9173583984375,0.012209895066916943,86.54633331298828,3.6515164538286626e-05,1.5416188034578227e-05,17.576927185058594,-0.6908429265022278,1.772273302078247,3.6515164538286626e-05,2.9729335437878035e-05,76.78926849365234,4.661905765533447,0.564842552054316,0.2608391084793644,6,8,9,ML_CTL_42_0006
CTL,42.0,994.0,9.0,12.0,16.105262756347656,307.5,-0.7933533402912352,0.6087614290087205,-1.0,-1.8369701987210297e-16,5.31937837600708,2.28269362449646,219.10145568847656,4.375767457531765e-05,58.735076904296875,5.282132625579834,2.700984239578247,240.8835906982422,0.0005093696527183056,68.92308807373047,-0.40795236825942993,2.5947494506835938,268.66729736328125,0.0011280688922852278,19.321819305419922,-4.834743976593018,5.14301061630249,283.3607177734375,0.01044504065066576,93.86160278320312,-6.656614303588867,5.167594909667969,290.2569274902344,0.012072485871613026,83.75794219970703,3.42465536959935e-05,1.2853792213718407e-05,12.318565368652344,-0.2595599293708801,3.5778064727783203,3.42465536959935e-05,2.7821248295367695e-05,77.85124206542969,2.8591134548187256,0.6230511857244074,0.5025192684057807,6,9,9,ML_CTL_42_0006
CTL,42.0,1004.0,9.0,0.0,16.105262756347656,337.5,-0.38268343236508956,0.9238795325112868,-1.0,-1.8369701987210297e-16,-5.457756519317627,4.899035930633545,219.2201690673828,7.785396155668423e-05,100.4673843383789,-3.4865474700927734,-2.7497990131378174,243.63662719726562,0.0009922976605594158,109.2288818359375,-2.1085360050201416,-5.415950298309326,270.0436706542969,0.005986195057630539,98.84759521484375,-3.0984580516815186,-4.0595383644104,281.6256408691406,0.009237933903932571,93.2763900756836,-2.5541908740997314,-2.890144109725952,291.60235595703125,0.01274519506841898,81.4253921508789,5.400219379225746e-05,7.196530350483954e-05,8.312762260437012,-3.341097593307495,-2.0432791709899902,5.400219379225746e-05,7.196530350483954e-05,78.22882080078125,4.823896884918213,0.6407946888334072,0.5788149849651578,7,1,28,ML_CTL_42_0007
CTL,42.0,1005.0,9.0,6.0,16.105262756347656,337.5,-0.38268343236508956,0.9238795325112868,-1.0,-1.8369701987210297e-16,-5.051654815673828,4.830827236175537,218.76608276367188,7.332256791414693e-05,100.00257873535156,-2.9303739070892334,-2.1562743186950684,243.66822814941406,0.0009428487392142415,103.5850601196289,-2.0937044620513916,-3.297966718673706,270.4989318847656,0.006313311401754618,100.40785217285156,-4.181609153747559,-1.6072642803192139,281.5980529785156,0.008995861746370792,91.01415252685547,-2.4070138931274414,-1.3498855829238892,291.5168762207031,0.0128107201308012,82.24102783203125,5.998124834150076e-05,7.054176239762455e-05,6.722747802734375,-3.332871198654175,-0.7161127328872681,5.998124834150076e-05,7.054176239762455e-05,78.18241119384766,6.074717044830322,0.6560576369500654,0.6457745522268825,7,2,28,ML_CTL_42_0007
CTL,42.0,1006.0,9.0,12.0,16.105262756347656,337.5,-0.38268343236508956,0.9238795325112868,-1.0,-1.8369701987210297e-16,-5.502929210662842,6.873294353485107,220.06605529785156,8.658698061481118e-05,99.82832336425781,-3.3966400623321533,-2.683497905731201,244.61769104003906,0.0010531978914514184,105.40653991699219,-2.6496047973632812,-2.2352752685546875,270.62127685546875,0.006362921558320522,100.4171142578125,-4.077610969543457,1.664794683456421,281.6763916015625,0.008834240026772022,88.90353393554688,-2.5019047260284424,0.11728529632091522,291.6004943847656,0.012700562365353107,81.07736206054688,6.221951480256394e-05,7.1223963459488e-05,7.392550945281982,-3.6257381439208984,0.7473202347755432,6.221951480256394e-05,7.1223963459488e-05,76.89366912841797,5.234149932861328,0.6417090785352778,0.5827897661025094,7,3,28,ML_CTL_42_0007
CTL,42.0,1007.0,9.0,18.0,16.105262756347656,337.5,-0.38268343236508956,0.9238795325112868,-1.0,-1.8369701987210297e-16,-6.062866687774658,7.808755397796631,221.27407836914062,0.0001004164878395386,99.9253921508789,-5.849896430969238,-4.346121788024902,245.14767456054688,0.0011593212839215994,109.89353942871094,-5.867392063140869,-1.6543940305709839,270.0706787109375,0.006111357361078262,100.841796875,-4.5123138427734375,2.5903396606445312,280.88238525390625,0.008710579015314579,92.65107727050781,-4.283835411071777,0.662409782409668,291.9688415527344,0.012473615817725658,77.75526428222656,6.001762085361406e-05,8.007834549061954e-05,7.364455699920654,-5.315260887145996,1.012197732925415,6.001762085361406e-05,8.007834549061954e-05,75.52014923095703,2.468583583831787,0.6465445447318335,0.6038846303625172,7,4,28,ML_CTL_42_0007
CTL,42.0,1008.0,9.0,0.0,14.210526466369629,337.5,-0.38268343236508956,0.9238795325112868,-1.0,-1.8369701987210297e-16,-6.3257155418396,4.842870712280273,221.36672973632812,0.00010205067519564182,99.9241714477539,-4.057115077972412,-3.184070587158203,245.94418334960938,0.0013085766695439816,115.49008178710938,3.913827657699585,-1.1421527862548828,269.7176818847656,0.0058975741267204285,100.15818786621094,2.3677709102630615,3.5889856815338135,280.77386474609375,0.009334340691566467,99.98786163330078,3.5583550930023193,2.106276512145996,291.0224304199219,0.013269854709506035,87.81611633300781,6.301169196376577e-05,8.832795720081776e-05,10.255914688110352,-0.10857529938220978,1.2423818111419678,6.301169196376577e-05,8.832795720081776e-05,80.4822006225586,2.940805196762085,0.5770994654179216,0.3108776268277271,7,5,28,ML_CTL_42_0007
CTL,42.0,1009.0,9.0,6.0,14.210526466369629,337.5,-0.38268343236508956,0.9238795325112868,-1.0,-1.8369701987210297e-16,-5.618204593658447,5.783079624176025,221.42515563964844,0.00010310541983926669,99.86946105957031,-4.284013271331787,1.0790114402770996,246.46437072753906,0.0013850266113877296,116.2985610961914,0.8544710874557495,2.343552589416504,269.22625732421875,0.005658979527652264,99.94486236572266,0.6910420656204224,5.7474541664123535,280.1904296875,0.00899368803948164,100.20767974853516,2.8896377086639404,3.9689927101135254,290.47515869140625,0.013595406897366047,93.18434143066406,6.72445457894355e-05,8.960549894254655e-05,8.6990966796875,-1.0934133529663086,3.7844181060791016,6.72445457894355e-05,8.960549894254655e-05,81.33712005615234,3.7559714317321777,0.5706221165831943,0.2843898199158821,7,6,28,ML_CTL_42_0007
CTL,42.0,1010.0,9.0,12.0,14.210526466369629,335.0,-0.4226182617406992,0.90630778703665,-1.0,-1.8369701987210297e-16,-10.699433326721191,2.756462812423706,221.2942657470703,0.0001012192660709843,100.2412109375,-6.551981449127197,-9.167571067810059,244.9163818359375,0.0011642432073131204,114.10391235351562,1.7818374633789062,-5.684718608856201,270.7432556152344,0.006451228633522987,100.72028350830078,2.0085701942443848,-0.24115470051765442,281.5955505371094,0.009864820167422295,99.87824249267578,4.741447448730469,-0.005609370768070221,290.385498046875,0.013074742630124092,90.09441375732422,6.966981163714081e-05,7.961915252963081e-05,15.685976028442383,-1.7439121007919312,-2.4685182571411133,6.966981163714081e-05,8.631135278847069e-05,80.35791778564453,2.712700843811035,0.6221826280628194,0.4988227280467985,7,7,28,ML_CTL_42_0007
CTL,42.0,1011.0,9.0,18.0,14.210526466369629,335.0,-0.4226182617406992,0.90630778703665,-1.0,-1.8369701987210297e-16,-8.214778900146484,3.620392322540283,221.98358154296875,0.0001097859931178391,99.9106216430664,-6.8809709548950195,-6.914657115936279,245.52574157714844,0.0012643764493986964,116.97736358642578,1.7332569360733032,-3.7017247676849365,270.62835693359375,0.006388417910784483,100.81719207763672,1.9090574979782104,1.1127578020095825,281.8044738769531,0.009852956980466843,98.30225372314453,4.005729675292969,1.2091002464294434,290.5069885253906,0.013507858850061893,92.3535385131836,7.662096322746947e-05,8.814058674033731e-05,12.45612907409668,-1.4895410537719727,-0.9348263740539551,7.662096322746947e-05,8.814058674033731e-05,81.91161346435547,3.9397029876708984,0.6259156697165621,0.5147343950741043,7,8,28,ML_CTL_42_0007
CTL,42.0,1012.0,9.0,0.0,14.210526466369629,335.0,-0.4226182617406992,0.90630778703665,-1.0,-1.8369701987210297e-16,-5.635120868682861,6.01865816116333,221.0087127685547,9.748306911205873e-05,99.92710876464844,-7.580063343048096,-1.2346620559692383,245.77088928222656,0.0012732951436191797,113.59321594238281,1.053562879562378,0.11766540259122849,269.9363708496094,0.005989126395434141,99.925537109375,1.66912841796875,4.558896064758301,281.49176025390625,0.009847220033407211,100.35900115966797,3.9185242652893066,4.218945503234863,290.4524230957031,0.014149867929518223,97.08348846435547,8.197061106329784e-05,9.040207805810496e-05,9.721681594848633,-1.3147937059402466,2.735900640487671,8.197061106329784e-05,9.040207805810496e-05,83.8278579711914,2.175682783126831,0.6274382554407248,0.5212424871710291,7,9,28,ML_CTL_42_0007
CTL,42.0,1014.0,9.0,12.0,14.210526466369629,332.5,-0.46174861323503363,0.8870108331782218,-1.0,-1.8369701987210297e-16,-8.978242874145508,6.960414886474609,222.0143280029297,0.00011137214460177347,99.97389221191406,-7.52252721786499,-5.142735004425049,246.03366088867188,0.0013441041810438037,118.9065170288086,2.6480414867401123,-4.049116134643555,271.0706481933594,0.006577082443982363,100.2362289428711,3.673429489135742,1.438234806060791,280.44720458984375,0.009072692133486271,99.28423309326172,5.682834625244141,3.3677165508270264,289.88568115234375,0.013541013933718204,96.31302642822266,8.456159412162378e-05,8.286015508929268e-05,15.094856262207031,-0.8992929458618164,0.5149030089378357,8.456159412162378e-05,8.286015508929268e-05,84.25470733642578,0.9684813022613525,0.5753677937886044,0.30378608058301637,7,10,28,ML_CTL_42_0007
CTL,42.0,1015.0,9.0,18.0,16.105262756347656,332.5,-0.46174861323503363,0.8870108331782218,-1.0,-1.8369701987210297e-16,-6.784334659576416,10.95813274383545,221.97679138183594,0.00011775615712394938,106.9058609008789,-10.300644874572754,-1.2884773015975952,244.6794891357422,0.0012046262854710221,121.77603149414062,-9.620861053466797,-0.5919965505599976,270.1390686035156,0.006186941638588905,101.28203582763672,-9.996514320373535,4.318929672241211,281.6079406738281,0.008948100730776787,90.49283599853516,-6.907689094543457,3.274923086166382,291.6309509277344,0.01329913642257452,84.67156219482422,8.684652129886672e-05,8.024423004826531e-05,7.684199810028076,-8.72200870513916,3.3343024253845215,8.684652129886672e-05,8.505690493620932e-05,78.44905853271484,4.1510491371154785,0.5984796591903172,0.3991343439601309,7,11,28,ML_CTL_42_0007
CTL,42.0,1016.0,9.0,0.0,16.105262756347656,332.5,-0.46174861323503363,0.8870108331782218,-1.0,-1.8369701987210297e-16,-6.365063190460205,12.748823165893555,221.25425720214844,0.0001028768383548595,102.88259887695312,-10.363252639770508,2.7551445960998535,244.54437255859375,0.001184739638119936,121.24272155761719,-9.1420259475708,2.3847241401672363,269.89971923828125,0.006011193618178368,100.34796142578125,-9.461443901062012,6.173415184020996,281.26239013671875,0.009156187064945698,94.86381530761719,-4.566964149475098,5.750107288360596,291.5108642578125,0.013400886207818985,85.9800033569336,8.11035861261189e-05,8.27057592687197e-05,7.226007461547852,-7.979750156402588,5.962442874908447,8.11035861261189e-05,8.30164790386334e-05,78.88656616210938,5.480957984924316,0.603272669511577,0.4191200630169487,7,12,28,ML_CTL_42_0007
CTL,42.0,1017.0,9.0,6.0,16.105262756347656,330.0,-0.5000000000000004,0.8660254037844384,-1.0,-1.8369701987210297e-16,-5.5092620849609375,9.372912406921387,220.38099670410156,8.93945834832266e-05,99.93048858642578,-5.171372890472412,-3.5704691410064697,243.4657745361328,0.0007808560039848089,87.35546112060547,-7.69673490524292,-4.954160690307617,270.4296569824219,0.0063033695332705975,100.19344329833984,-9.107949256896973,-0.10269593447446823,282.55999755859375,0.009064171463251114,85.90229797363281,-6.174004077911377,0.025451982393860817,291.2801208496094,0.013055674731731415,85.02230072021484,8.659662853460759e-05,6.486415077233687e-05,9.37106704711914,-6.731864929199219,0.1542077660560608,8.659662853460759e-05,7.519834616687149e-05,78.73019409179688,5.0029120445251465,0.8157285301468777,1.487671566026786,7,13,28,ML_CTL_42_0007
CTL,42.0,1018.0,9.0,12.0,16.105262756347656,330.0,-0.5000000000000004,0.8660254037844384,-1.0,-1.8369701987210297e-16,-5.439666748046875,8.134171485900879,220.60606384277344,9.233573655365035e-05,99.96720886230469,-5.193132400512695,-3.8028597831726074,244.43426513671875,0.0011112680658698082,112.93362426757812,-5.436765670776367,-1.8994673490524292,270.4947814941406,0.006354611832648516,101.06021881103516,-6.760710716247559,3.6651017665863037,282.189697265625,0.009417376480996609,91.5399398803711,-3.313868284225464,3.0603725910186768,291.21197509765625,0.013274114578962326,86.82339477539062,8.721717313164845e-05,7.161930989241228e-05,5.501132488250732,-5.2288289070129395,1.8314635753631592,8.721717313164845e-05,7.161930989241228e-05,79.83334350585938,2.6590375900268555,0.7022905675610172,0.8582292803950409,7,14,28,ML_CTL_42_0007
CTL,42.0,1019.0,9.0,18.0,16.105262756347656,330.0,-0.5000000000000004,0.8660254037844384,-1.0,-1.8369701987210297e-16,-7.240305423736572,4.829589366912842,221.1053924560547,9.854344534687698e-05,99.9180679321289,-6.324314117431641,-4.03429651260376,245.32467651367188,0.001252328627742827,118.00749969482422,-2.2663025856018066,-0.1672196090221405,270.6859436035156,0.006416511256247759,100.70906829833984,-3.089877128601074,5.488475799560547,282.031005859375,0.009870398789644241,96.9610824584961,-0.46736210584640503,5.913261890411377,291.1217041015625,0.013749994337558746,90.4375,8.708357199793682e-05,8.433066250290722e-05,6.859089374542236,-3.8776321411132812,2.4059622287750244,8.708357199793682e-05,8.433066250290722e-05,82.51298522949219,3.2585737705230713,0.6551193403509564,0.6416189749195746,7,15,28,ML_CTL_42_0007
CTL,42.0,1020.0,9.0,0.0,16.105262756347656,327.5,-0.5372996083468242,0.8433914458128855,-1.0,-1.8369701987210297e-16,-6.387487888336182,7.279249668121338,221.04014587402344,9.458877320867032e-05,99.0831069946289,-4.346920490264893,-6.597071170806885,243.7218017578125,0.0004059943603351712,47.20060729980469,-3.5664613246917725,-6.476886749267578,270.24249267578125,0.006146114785224199,98.57376861572266,-3.1688385009765625,-1.5446699857711792,283.6153869628906,0.009241905063390732,81.5499038696289,-2.741607904434204,-0.5628945231437683,290.820556640625,0.013373056426644325,89.61414337158203,9.310620225733146e-05,6.178831245051697e-05,8.64821720123291,-4.042263031005859,-1.5804545879364014,9.310620225733146e-05,8.784866804489866e-05,82.02508544921875,5.179073333740234,0.8767795360709894,1.9622804359606087,7,16,28,ML_CTL_42_0007
CTL,42.0,1021.0,9.0,6.0,16.105262756347656,327.5,-0.5372996083468242,0.8433914458128855,-1.0,-1.8369701987210297e-16,-7.993386268615723,6.342511177062988,220.62020874023438,9.026849147630855e-05,99.2198486328125,-5.314815998077393,-6.73087739944458,243.93667602539062,0.000513079110532999,58.90962219238281,-0.8242931962013245,-4.589864253997803,270.7608947753906,0.006392254028469324,99.3570556640625,-0.685036838054657,0.41357332468032837,282.7893371582031,0.009865226224064827,92.11903381347656,1.4818391799926758,2.6652588844299316,290.4341735839844,0.013743164949119091,94.39749145507812,9.572550334269181e-05,7.006448868196458e-05,10.163763046264648,-2.6671385765075684,-0.3798796534538269,9.572550334269181e-05,8.265976794064045e-05,84.77154541015625,6.465456008911133,0.8529855631156913,1.7582118304596106,7,17,28,ML_CTL_42_0007
CTL,42.0,1022.0,9.0,12.0,16.105262756347656,327.5,-0.5372996083468242,0.8433914458128855,-1.0,-1.8369701987210297e-16,-9.024725914001465,4.570716381072998,221.1676788330078,9.890847286442295e-05,100.27788543701172,-4.050507545471191,-6.571055889129639,243.77066040039062,0.000923179613891989,103.14198303222656,3.3882694244384766,-2.555325984954834,271.1171875,0.0066312821581959724,100.17927551269531,3.0573346614837646,4.746338844299316,282.2733154296875,0.010191203095018864,98.5094985961914,5.888875484466553,7.3880391120910645,290.51239013671875,0.013918943703174591,95.13558959960938,9.232650336343795e-05,6.826257595093921e-05,15.177377700805664,-0.1481507271528244,1.515742540359497,9.232650336343795e-05,7.007359818089753e-05,85.16358184814453,3.6428487300872803,0.6571222520888503,0.6504961138642185,7,18,28,ML_CTL_42_0007
CTL,42.0,1023.0,9.0,18.0,18.0,327.5,-0.5372996083468242,0.8433914458128855,-1.0,-1.8369701987210297e-16,-6.613176345825195,6.25814962387085,221.27163696289062,0.0001010732667054981,100.83491516113281,-2.7044999599456787,-6.861401557922363,243.62513732910156,0.00042661651968955994,56.24845504760742,-4.441288471221924,-1.9214426279067993,270.3121643066406,0.0062968190759420395,101.47229766845703,-6.815327167510986,5.847346305847168,282.7281188964844,0.0096500925719738,90.42430877685547,-6.545238494873047,5.598310470581055,291.26910400390625,0.013537048362195492,88.1985855102539,8.965700544649735e-05,6.471850792877376e-05,0.6633273959159851,-5.423905849456787,1.784192442893982,8.965700544649735e-05,6.522449984913692e-05,84.89860534667969,0.6633273959159851,0.8333526691624289,1.6095771368646608,7,19,28,ML_CTL_42_0007
CTL,42.0,1024.0,9.0,0.0,18.0,325.0,-0.5735764363510465,0.8191520442889916,-1.0,-1.8369701987210297e-16,-1.4520773887634277,9.306672096252441,220.4288330078125,7.430135883623734e-05,84.1344985961914,2.929694175720215,-5.018549919128418,243.23330688476562,0.00021072334493510425,31.573410034179688,-2.5098700523376465,-5.6519060134887695,270.8262023925781,0.004380317404866219,63.53752899169922,-5.280006408691406,-1.7474223375320435,284.1373596191406,0.00897875614464283,76.4701156616211,-7.6710896492004395,-0.7642764449119568,291.2058410644531,0.013301246799528599,87.00769805908203,8.340623026015237e-05,3.380817361176014e-05,11.836389541625977,-2.7966697216033936,-0.7750965356826782,8.340623026015237e-05,6.603647489100695e-05,80.51476287841797,4.338750839233398,0.930962211103643,2.6015646670280863,7,20,28,ML_CTL_42_0007
CTL,42.0,1025.0,9.0,6.0,18.0,325.0,-0.5735764363510465,0.8191520442889916,-1.0,-1.8369701987210297e-16,0.6763230562210083,8.066144943237305,219.9849395751953,7.92959108366631e-05,94.52800750732422,2.699857473373413,-4.52355432510376,243.11192321777344,0.00022397992142941803,34.104400634765625,-1.6754578351974487,-4.35202693939209,270.54052734375,0.004447008948773146,65.33001708984375,-3.408856153488159,-0.40198132395744324,284.4700622558594,0.00914503913372755,76.20215606689453,-4.113094329833984,1.6430833339691162,290.91119384765625,0.013498429208993912,89.92829895019531,8.515290392097086e-05,3.5222987207816914e-05,8.012130737304688,-1.1642454862594604,0.08633313328027725,8.515290392097086e-05,5.862573016202077e-05,82.86137390136719,6.174546241760254,0.9085991407042826,2.2966491276880854,7,21,28,ML_CTL_42_0007
CTL,42.0,1026.0,9.0,12.0,18.0,325.0,-0.5735764363510465,0.8191520442889916,-1.0,-1.8369701987210297e-16,1.8372700214385986,8.027755737304688,219.93682861328125,8.246802462963387e-05,99.08561706542969,2.657191038131714,-3.5804121494293213,243.13563537597656,0.0002556840190663934,37.85130310058594,0.542923092842102,-2.850602388381958,270.4162292480469,0.004595945123583078,67.73139190673828,-1.062665581703186,1.6896921396255493,284.64013671875,0.009559301659464836,78.77523040771484,-1.0391134023666382,3.094043731689453,291.078369140625,0.01361472811549902,89.73492431640625,8.281120244646445e-05,3.334044595248997e-05,5.710962772369385,0.5871210098266602,1.2760955095291138,8.281120244646445e-05,4.925204120809212e-05,85.56411743164062,4.404301166534424,0.8690557507670461,1.8926356240478732,7,22,28,ML_CTL_42_0007
CTL,42.0,1027.0,9.0,18.0,18.0,325.0,-0.5735764363510465,0.8191520442889916,-1.0,-1.8369701987210297e-16,2.7513649463653564,8.861727714538574,219.96524047851562,8.301497291540727e-05,99.27277374267578,3.6383328437805176,-3.4656600952148438,242.9490966796875,0.0003105605428572744,44.58448791503906,2.1310362815856934,-3.563293218612671,270.6645202636719,0.0042817797511816025,62.62368392944336,0.8296079635620117,1.237782597541809,284.4054870605469,0.00975978747010231,81.73663330078125,-0.015962978824973106,3.358499526977539,290.7573547363281,0.013987374491989613,94.08911895751953,7.901975186541677e-05,2.9079581508995034e-05,6.159839630126953,1.8668760061264038,1.2858113050460815,7.901975186541677e-05,4.453681322047487e-05,87.3753890991211,2.3841938972473145,0.8368603847377014,1.6350508826593568,7,23,28,ML_CTL_42_0007
CTL,42.0,1028.0,9.0,0.0,18.0,325.0,-0.5735764363510465,0.8191520442889916,-1.0,-1.8369701987210297e-16,4.538426876068115,9.635444641113281,219.63015747070312,8.129136404022574e-05,100.43638610839844,4.321183204650879,-2.685307264328003,242.29718017578125,0.00034463588963262737,52.512454986572266,1.0874080657958984,-3.541945457458496,270.7138977050781,0.004322926979511976,65.30579376220703,0.15487179160118103,1.6864752769470215,283.9114074707031,0.009920775890350342,85.87017059326172,0.6754214763641357,4.998117923736572,290.3736572265625,0.014169419184327126,97.67500305175781,7.57262168917805e-05,2.719377152970992e-05,6.035529136657715,2.1554622650146484,2.018557071685791,7.57262168917805e-05,3.937560541089624e-05,87.48413848876953,3.6882636547088623,0.8038277166824483,1.4103916938264374,7,24,28,ML_CTL_42_0007
CTL,42.0,1029.0,9.0,6.0,18.0,322.5,-0.608761429008721,0.7933533402912349,-1.0,-1.8369701987210297e-16,6.807880401611328,13.287952423095703,218.88165283203125,7.736933184787631e-05,104.6746826171875,7.02121114730835,1.9685546159744263,241.44882202148438,0.00041887161205522716,69.32398223876953,-0.48750680685043335,-4.645171642303467,270.7056884765625,0.0015366037841886282,22.0122013092041,-1.0607054233551025,-1.1030913591384888,284.6414489746094,0.010268081910908222,84.68277740478516,-0.9876495599746704,0.952625036239624,291.1986389160156,0.012955266050994396,84.69963836669922,7.022149657132104e-05,8.142224032781087e-06,14.592141151428223,2.258646011352539,2.0921740531921387,7.022149657132104e-05,3.282156103523448e-05,85.29557800292969,5.20393180847168,0.6675921466694071,0.6973147393443528,7,25,28,ML_CTL_42_0007
CTL,42.0,1030.0,9.0,12.0,18.0,322.5,-0.608761429008721,0.7933533402912349,-1.0,-1.8369701987210297e-16,7.165770530700684,13.79787540435791,218.64755249023438,6.834929808974266e-05,95.4895248413086,7.293507099151611,2.7589874267578125,241.3776397705078,0.0004049579438287765,68.134521484375,-0.5128211975097656,-3.690096855163574,270.9913635253906,0.001722439774312079,24.275272369384766,0.5897863507270813,0.6382670998573303,284.51318359375,0.01068792212754488,88.93276977539062,1.1673088073730469,2.3903720378875732,291.2206726074219,0.013149223290383816,85.83948516845703,6.640755600528792e-05,8.754247573961038e-06,12.888470649719238,3.1407103538513184,3.1790809631347656,6.640755600528792e-05,2.6994206564268097e-05,85.89034271240234,5.2487287521362305,0.6864095327131395,0.7833865457306297,7,26,28,ML_CTL_42_0007
CTL,42.0,1031.0,9.0,18.0,18.0,322.5,-0.608761429008721,0.7933533402912349,-1.0,-1.8369701987210297e-16,8.690422058105469,15.057732582092285,218.85049438476562,4.5787270209984854e-05,62.744300842285156,8.864212989807129,3.909940719604492,241.5291290283203,0.0003531320544425398,58.174774169921875,0.3566296100616455,-3.9555087089538574,271.0744934082031,0.0018968258518725634,26.92778968811035,1.3804329633712769,0.06686121225357056,284.52899169921875,0.010573928244411945,87.87210845947266,1.7048490047454834,2.3213493824005127,291.0390319824219,0.013487320393323898,89.07125091552734,6.285055860644206e-05,4.786114004673436e-06,14.526309967041016,4.199309349060059,3.4800751209259033,6.285055860644206e-05,2.3888633222668432e-05,85.13236236572266,5.335538864135742,0.813315485675048,1.471698982590608,7,27,28,ML_CTL_42_0007
CTL,42.0,1032.0,9.0,0.0,18.0,322.5,-0.608761429008721,0.7933533402912349,-1.0,-1.8369701987210297e-16,11.591378211975098,15.227339744567871,218.78839111328125,3.376335735083558e-05,47.055362701416016,11.211488723754883,4.352445125579834,241.23159790039062,0.000316675374051556,51.31419372558594,0.5576102137565613,-3.596998453140259,270.7955627441406,0.002539638429880142,37.61886215209961,-0.17821110785007477,0.5576350092887878,284.2864685058594,0.010263567790389061,86.6748275756836,1.7567058801651,3.843548059463501,290.51922607421875,0.013765817508101463,93.98760986328125,5.699933899450116e-05,3.52973370354448e-06,15.043652534484863,4.987794399261475,4.076793670654297,5.699933899450116e-05,2.0799470803467557e-05,82.25765991210938,3.724717617034912,0.8368383016735581,1.634889140503168,7,28,28,ML_CTL_42_0007
CTL,42.0,1031.0,9.0,18.0,16.105262756347656,337.5,-0.38268343236508956,0.9238795325112868,-1.0,-1.8369701987210297e-16,6.705456256866455,2.817355155944824,219.39842224121094,6.841721187811345e-05,85.56300354003906,2.0231714248657227,-4.607110500335693,243.68276977539062,0.0009038442512974143,98.8254165649414,1.1289085149765015,-0.5621868968009949,269.82159423828125,0.0060383896343410015,101.3318099975586,-2.5387818813323975,3.3661727905273438,279.7386169433594,0.008592548780143261,98.84111785888672,-5.033431529998779,4.353953838348389,290.118408203125,0.011909643188118935,83.53742218017578,4.877567698713392e-05,6.192005821503699e-05,11.839029312133789,0.45706453919410706,1.073636770248413,4.877567698713392e-05,6.192005821503699e-05,91.1324234008789,2.1377878189086914,0.6347742901912881,0.552753941688183,8,1,8,ML_CTL_42_0008
CTL,42.0,1032.0,9.0,0.0,16.105262756347656,335.0,-0.4226182617406992,0.90630778703665,-1.0,-1.8369701987210297e-16,10.186563491821289,0.9783880710601807,219.9239959716797,3.123179340036586e-05,37.97049331665039,1.6736907958984375,-5.787999153137207,242.75570678710938,0.0001615904620848596,25.165563583374023,-1.3862850666046143,-4.407779216766357,268.5255432128906,0.005261437967419624,95.412353515625,0.2005753219127655,-1.4450289011001587,281.55487060546875,0.008237268775701523,83.6053466796875,-3.6010377407073975,-2.5788090229034424,289.7682189941406,0.011550058610737324,82.86446380615234,4.755574627779424e-05,3.0849922040943056e-05,14.239087104797363,1.414701223373413,-2.6482455730438232,4.755574627779424e-05,5.327353937900625e-05,89.25173950195312,2.1882481575012207,0.6344337380791811,0.5512852960661663,8,2,8,ML_CTL_42_0008
CTL,42.0,1033.0,9.0,6.0,16.105262756347656,335.0,-0.4226182617406992,0.90630778703665,-1.0,-1.8369701987210297e-16,10.028189659118652,-0.2441069334745407,219.55784606933594,5.285134102450684e-05,68.46410369873047,2.263960599899292,-4.822831630706787,242.25592041015625,0.0001682360889390111,27.356121063232422,-0.7011410593986511,-3.5059196949005127,268.02081298828125,0.004589670803397894,85.59648895263672,1.465836524963379,-1.1159820556640625,282.1966857910156,0.008325482718646526,80.90852355957031,-3.1029651165008545,-0.9660029411315918,289.58807373046875,0.011833962053060532,85.88179016113281,4.994451956008561e-05,2.122396654158365e-05,13.150983810424805,1.9907760620117188,-2.1309685707092285,4.994451956008561e-05,4.163413177593611e-05,87.82654571533203,3.204197883605957,0.6500553529314509,0.6192825268764763,8,3,8,ML_CTL_42_0008
CTL,42.0,1034.0,9.0,12.0,16.105262756347656,335.0,-0.4226182617406992,0.90630778703665,-1.0,-1.8369701987210297e-16,8.909353256225586,0.2298646867275238,219.49366760253906,6.0480124375317246e-05,78.30351257324219,2.8367836475372314,-3.4980580806732178,241.8196258544922,0.00018279925279784948,30.394285202026367,0.344612181186676,-2.9054114818573,268.52777099609375,0.004191871732473373,74.60108947753906,2.499218225479126,-0.5334877967834473,283.00909423828125,0.008356627076864243,76.85757446289062,-1.798715353012085,0.8291845321655273,289.6632995605469,0.012013356201350689,86.73998260498047,5.212571340962313e-05,1.371648977510631e-05,10.724827766418457,2.5582501888275146,-1.175581693649292,5.212571340962313e-05,3.158892650390044e-05,87.54037475585938,1.7745057344436646,0.6415115259452198,0.5819306420250878,8,4,8,ML_CTL_42_0008
CTL,42.0,1035.0,9.0,18.0,16.105262756347656,335.0,-0.4226182617406992,0.90630778703665,-1.0,-1.8369701987210297e-16,8.218620300292969,1.8168480396270752,219.45005798339844,5.567546031670645e-05,71.82524108886719,3.3901915550231934,-2.1689951419830322,241.66163635253906,0.00020369721460156143,33.50956344604492,0.6132591962814331,-3.495551824569702,268.87481689453125,0.003706886898726225,63.686038970947266,2.8708231449127197,-1.4380227327346802,283.2962646484375,0.0091075599193573,82.17732238769531,-0.455945760011673,0.7054334878921509,290.0011291503906,0.011907328851521015,84.135498046875,5.192970274947584e-05,7.480880867660744e-06,8.745475769042969,2.927389621734619,-0.9160577058792114,5.192970274947584e-05,2.4163757188944146e-05,87.59685516357422,3.7199032306671143,0.6474266676906789,0.6077468970920239,8,5,8,ML_CTL_42_0008
CTL,42.0,1036.0,9.0,0.0,16.105262756347656,335.0,-0.4226182617406992,0.90630778703665,-1.0,-1.8369701987210297e-16,8.061141967773438,3.3055169582366943,219.1052703857422,4.966554479324259e-05,66.6314697265625,4.09126091003418,-0.566434919834137,241.4399871826172,0.00023328706447500736,38.62543487548828,0.3093583583831787,-3.3680453300476074,268.95892333984375,0.0030303567182272673,51.423221588134766,2.284949541091919,-1.1525216102600098,283.50152587890625,0.009843681938946247,87.62165832519531,-0.4872100055217743,1.4110482931137085,290.147216796875,0.012104861438274384,84.65646362304688,4.724811515188776e-05,5.646795671054861e-06,8.755760192871094,2.851900100708008,-0.07408730685710907,4.724811515188776e-05,1.933701969392132e-05,87.6644058227539,1.4819141626358032,0.5900693839369665,0.3642522136156645,8,6,8,ML_CTL_42_0008
CTL,42.0,1037.0,9.0,6.0,16.105262756347656,335.0,-0.4226182617406992,0.90630778703665,-1.0,-1.8369701987210297e-16,8.514135360717773,3.140812397003174,218.75717163085938,4.4747182982973754e-05,62.9317741394043,4.901086330413818,0.9148338437080383,241.16319274902344,0.0002666853542905301,44.40166473388672,0.5054571032524109,-3.2100372314453125,269.4231262207031,0.002298222854733467,37.14963150024414,1.63711678981781,-0.27209314703941345,283.8896179199219,0.009958190843462944,86.3541030883789,-0.8030486702919006,2.037473678588867,290.2235107421875,0.01231036800891161,85.62200927734375,4.215021544951014e-05,6.405513431673171e-06,9.382285118103027,2.950949192047119,0.5221979022026062,4.215021544951014e-05,1.692351906967815e-05,86.82044982910156,1.2410266399383545,0.5550642158120245,0.22115384466135035,8,7,8,ML_CTL_42_0008
CTL,42.0,1038.0,9.0,12.0,16.105262756347656,335.0,-0.4226182617406992,0.90630778703665,-1.0,-1.8369701987210297e-16,9.10210132598877,2.686856269836426,218.79661560058594,4.1354149288963526e-05,58.40765380859375,6.636045455932617,2.1242713928222656,241.23851013183594,0.00027366122230887413,43.6030158996582,1.1337809562683105,-2.7149386405944824,269.76470947265625,0.00201903167180717,31.89247703552246,0.9859932065010071,1.0680650472640991,283.9954833984375,0.010143695399165154,87.34757995605469,-1.2699469327926636,3.282310724258423,290.3883056640625,0.01254312600940466,86.30581665039062,4.05450991820544e-05,6.227303401828976e-06,10.389126777648926,3.317594528198242,1.2893129587173462,4.05450991820544e-05,1.6607813449809328e-05,86.83244323730469,1.2512829303741455,0.5527700752348722,0.21186930246548585,8,8,8,ML_CTL_42_0008
CTL,42.0,1043.0,9.0,18.0,29.36842155456543,272.5,-0.9990482215818578,0.043619387365335764,-1.0,-1.8369701987210297e-16,-0.9079869389533997,10.88199234008789,217.2386932373047,1.6124693502206355e-05,23.29575538635254,-0.2714981436729431,6.896544933319092,238.4636688232422,0.0005460837855935097,103.73466491699219,-2.722867012023926,-1.2254531383514404,267.12078857421875,0.004914332181215286,101.70980072021484,-7.062130928039551,-0.7183781862258911,280.46014404296875,0.008294166065752506,90.79016876220703,-7.775158405303955,0.23875145614147186,288.5155334472656,0.010680574923753738,83.03630065917969,3.362471397849731e-05,3.6359542718855664e-05,12.66635799407959,-3.7479281425476074,3.2146918773651123,3.362471397849731e-05,4.296862243791111e-05,74.9468002319336,4.319302082061768,0.6383888694222488,0.5683782013587786,9,1,12,ML_CTL_42_0009
CTL,42.0,1044.0,9.0,0.0,29.36842155456543,272.5,-0.9990482215818578,0.043619387365335764,-1.0,-1.8369701987210297e-16,2.345305919647217,13.3492431640625,217.61708068847656,1.7359410776407458e-05,26.10500717163086,0.06787803769111633,7.692570209503174,238.2927703857422,0.0004479248891584575,84.6112289428711,-3.212306261062622,-1.6314048767089844,267.4559631347656,0.005005673971027136,100.04048919677734,-7.101353645324707,0.37457138299942017,280.9019775390625,0.008393137715756893,89.10906982421875,-7.939297676086426,1.4414993524551392,288.3829650878906,0.010905521921813488,85.45886993408203,3.647867197287269e-05,3.7344452721299604e-05,15.734274864196777,-3.167954683303833,4.245295524597168,3.647867197287269e-05,4.562099638860673e-05,73.54590606689453,5.100597381591797,0.7055061382186637,0.8736573117509043,9,2,12,ML_CTL_42_0009
CTL,42.0,1045.0,9.0,6.0,29.36842155456543,270.0,-1.0,-1.8369701987210297e-16,-1.0,-1.8369701987210297e-16,2.669060468673706,3.5295403003692627,219.29095458984375,1.0402894076833036e-05,14.146324157714844,0.8354279398918152,5.695286273956299,237.36422729492188,0.0003715109487529844,71.13579559326172,-4.132607460021973,-0.948876142501831,267.1512451171875,0.0047041731886565685,95.28398895263672,-6.810229778289795,-1.2835813760757446,281.1999206542969,0.008012727834284306,83.36289978027344,-8.044403076171875,-0.8548704981803894,288.43011474609375,0.010926533490419388,85.32090759277344,3.887317143380642e-05,1.811586662370246e-05,11.575896263122559,-3.096550464630127,1.2274997234344482,3.887317143380642e-05,4.013925718027167e-05,70.22346496582031,6.328982830047607,0.6280501103981347,0.5238608170842265,9,3,12,ML_CTL_42_0009
CTL,42.0,1046.0,9.0,12.0,29.36842155456543,270.0,-1.0,-1.8369701987210297e-16,-1.0,-1.8369701987210297e-16,2.252680540084839,4.638964653015137,219.72900390625,2.4007806587178493e-06,2.0914735794067383,0.7163234353065491,6.070384502410889,237.1312255859375,0.0004046085523441434,90.78056335449219,-3.672816514968872,0.6384236812591553,267.0464172363281,0.004602689761668444,94.50808715820312,-5.817592620849609,-1.212400197982788,281.4093933105469,0.008140734396874905,83.49092864990234,-7.485898017883301,-0.10430002957582474,288.4739990234375,0.011018605902791023,85.77455139160156,4.340603118180297e-05,1.6954843886196613e-05,10.83228874206543,-2.8014607429504395,2.0062143802642822,4.340603118180297e-05,3.706437200889923e-05,72.49630737304688,4.594748020172119,0.5642961056923379,0.2586162526894831,9,4,12,ML_CTL_42_0009
CTL,42.0,1047.0,9.0,18.0,29.36842155456543,270.0,-1.0,-1.8369701987210297e-16,-1.0,-1.8369701987210297e-16,2.934011936187744,6.4044318199157715,219.64053344726562,6.114316420280375e-06,6.368035316467285,1.3661930561065674,6.1783647537231445,237.81771850585938,0.0002721390046644956,57.00242614746094,-1.6993117332458496,1.7042558193206787,266.9414978027344,0.004528218414634466,92.80107879638672,-5.670555591583252,-0.25367629528045654,282.10357666015625,0.00822329893708229,80.4322509765625,-7.262239456176758,0.7978455424308777,288.790771484375,0.011902366764843464,90.75718688964844,4.230201739119366e-05,1.8536497009336017e-05,11.63603687286377,-2.066380262374878,2.9662442207336426,4.230201739119366e-05,4.2870455217780545e-05,73.4394760131836,3.9611949920654297,0.655486723558405,0.6432454210800294,9,5,12,ML_CTL_42_0009
CTL,42.0,1048.0,9.0,0.0,29.36842155456543,267.5,-0.9990482215818578,-0.04361938736533613,-1.0,-1.8369701987210297e-16,2.653160810470581,-4.405561447143555,219.84959411621094,6.139573088148609e-06,5.661160945892334,-0.9388304352760315,-0.3631793260574341,237.54998779296875,0.000473703519674018,100.08255767822266,-1.5482717752456665,-0.7666740417480469,268.0804748535156,0.004947294481098652,93.8243179321289,-6.487258434295654,-1.4311562776565552,281.6125793457031,0.008033031597733498,81.21466064453125,-9.243626594543457,-2.4066035747528076,289.0913391113281,0.01138400100171566,85.16796875,4.134600385441445e-05,2.5267772798542865e-05,12.063556671142578,-3.1129653453826904,-1.8746349811553955,4.134600385441445e-05,2.7734933610190637e-05,67.65117645263672,6.027474880218506,0.5773830957107409,0.3120398851677548,9,6,12,ML_CTL_42_0009
CTL,42.0,1049.0,9.0,6.0,29.36842155456543,267.5,-0.9990482215818578,-0.04361938736533613,-1.0,-1.8369701987210297e-16,3.2275328636169434,-5.377959728240967,218.8959197998047,6.636324087594403e-06,6.557609558105469,-1.1747392416000366,-1.0683279037475586,237.64991760253906,0.0004837310407310724,100.88631439208984,-3.221004009246826,-0.6466662883758545,268.3091125488281,0.005106242373585701,95.24127197265625,-5.208512783050537,0.7470740675926208,281.77783203125,0.008590943180024624,85.90635681152344,-8.290789604187012,0.6966648697853088,288.9505920410156,0.01140778698027134,86.12480926513672,4.4070256990380585e-05,2.229872188763693e-05,13.022012710571289,-2.933502674102783,-1.12984299659729,4.4070256990380585e-05,2.6763997084344737e-05,68.00741577148438,5.134063243865967,0.6128787500408484,0.4594291673749029,9,7,12,ML_CTL_42_0009
CTL,42.0,1050.0,9.0,12.0,29.36842155456543,267.5,-0.9990482215818578,-0.04361938736533613,-1.0,-1.8369701987210297e-16,4.270284175872803,-6.645613670349121,217.78433227539062,7.620807537023211e-06,7.554623603820801,-1.5087498426437378,-1.0521358251571655,238.26072692871094,0.0005265887011773884,102.38082122802734,-4.826806545257568,0.8605356216430664,268.41046142578125,0.005254254210740328,97.46854400634766,-5.237579345703125,1.3780803680419922,281.82403564453125,0.009071552194654942,90.4444580078125,-7.536961078643799,1.629077672958374,288.978759765625,0.011633824557065964,87.63787078857422,4.5169061195338145e-05,1.8254797396366484e-05,14.418098449707031,-2.9679627418518066,-0.7660111784934998,4.5169061195338145e-05,2.5806679332163185e-05,67.67195892333984,5.753394603729248,0.6371368130821841,0.5629585420412533,9,8,12,ML_CTL_42_0009
CTL,42.0,1051.0,9.0,18.0,29.36842155456543,265.0,-0.9961946980917455,-0.08715574274765825,-1.0,-1.8369701987210297e-16,7.4397406578063965,-8.715676307678223,219.77891540527344,3.216378536308184e-05,40.50566864013672,1.9347971677780151,-3.5719263553619385,238.5074920654297,0.0003807476023212075,66.39042663574219,-2.33284592628479,-0.5872325897216797,267.70977783203125,0.004832555074244738,94.77142333984375,-5.4748711585998535,-1.951003074645996,282.1257019042969,0.008759114891290665,85.55036163330078,-8.081320762634277,-2.8107264041900635,289.298828125,0.012192895635962486,89.96134185791016,4.3060568714281544e-05,2.1361956896726042e-05,16.60637664794922,-1.3029000759124756,-3.527312755584717,4.3060568714281544e-05,2.5171073502860963e-05,67.80188751220703,7.351420879364014,0.6711266771596738,0.7132852681067627,9,9,12,ML_CTL_42_0009
CTL,42.0,1052.0,9.0,0.0,29.36842155456543,265.0,-0.9961946980917455,-0.08715574274765825,-1.0,-1.8369701987210297e-16,4.593661785125732,-5.834845542907715,218.86758422851562,1.3825933820044156e-05,15.978397369384766,1.7427923679351807,-3.654589891433716,238.17222595214844,0.0005350150750018656,103.74693298339844,-2.357943296432495,-1.1852861642837524,268.38189697265625,0.0050957719795405865,94.68448638916016,-6.154898643493652,0.45392000675201416,282.4010314941406,0.009064065292477608,86.91057586669922,-9.691019058227539,-0.3323924243450165,289.329833984375,0.011704966425895691,86.26048278808594,4.2392348404973745e-05,2.4292903617606498e-05,15.307811737060547,-2.373481273651123,-2.1106388568878174,4.2392348404973745e-05,2.5109073249041103e-05,69.45601654052734,9.769195556640625,0.5736035357290599,0.29656887259893705,9,10,12,ML_CTL_42_0009
CTL,42.0,1053.0,9.0,6.0,29.36842155456543,265.0,-0.9961946980917455,-0.08715574274765825,-1.0,-1.8369701987210297e-16,3.416752576828003,-1.9489701986312866,216.78257751464844,1.3355514056456741e-05,20.42641258239746,0.6634165048599243,-2.8080806732177734,238.4379119873047,0.0005378035129979253,102.44368743896484,-3.3086769580841064,-0.5600471496582031,268.7444152832031,0.005364783573895693,96.91546630859375,-5.320891857147217,2.995941638946533,282.27587890625,0.009314637631177902,90.09127807617188,-8.603357315063477,2.9321441650390625,288.9888916015625,0.011441108770668507,86.16395568847656,4.18895433540456e-05,2.5470502805546857e-05,12.973369598388672,-2.630551338195801,0.12219753116369247,4.18895433540456e-05,2.5470502805546857e-05,69.2015151977539,9.111546516418457,0.6282451308491509,0.5246957428820376,9,11,12,ML_CTL_42_0009
CTL,42.0,1054.0,9.0,12.0,29.36842155456543,262.5,-0.9914448613738104,-0.13052619222005163,-1.0,-1.8369701987210297e-16,5.439580917358398,-2.806554079055786,216.6818389892578,4.5031873014522716e-05,78.34890747070312,0.7599773406982422,-1.235550880432129,239.31260681152344,0.000318903912557289,57.8177604675293,-2.2686688899993896,-2.6299335956573486,267.4537658691406,0.004218277521431446,81.38740539550781,-5.154584884643555,-1.5360506772994995,281.88409423828125,0.009167653508484364,91.04351806640625,-6.825380325317383,-1.9465612173080444,288.7929992675781,0.011762491427361965,89.7840805053711,4.436891686054878e-05,1.855658229032997e-05,12.295074462890625,-1.609815239906311,-2.0309300422668457,4.436891686054878e-05,2.611026866361499e-05,72.28779602050781,9.000585556030273,0.6086023022301774,0.44144084738006395,9,12,12,ML_CTL_42_0009
